지점,지점명,일시,기온(°C)
108,서울,2024-12-06 00:01,4.2
108,서울,2024-12-06 00:02,4.2
108,서울,2024-12-06 00:03,4.2
108,서울,2024-12-06 00:04,4.2
108,서울,2024-12-06 00:05,4.2
108,서울,2024-12-06 00:06,4.2
108,서울,2024-12-06 00:07,4.2
108,서울,2024-12-06 00:08,4.2
108,서울,2024-12-06 00:09,4.2
108,서울,2024-12-06 00:10,4.2
108,서울,2024-12-06 00:11,4.2
108,서울,2024-12-06 00:12,4.2
108,서울,2024-12-06 00:13,4.3
108,서울,2024-12-06 00:14,4.3
108,서울,2024-12-06 00:15,4.4
108,서울,2024-12-06 00:16,4.4
108,서울,2024-12-06 00:17,4.4
108,서울,2024-12-06 00:18,4.4
108,서울,2024-12-06 00:19,4.4
108,서울,2024-12-06 00:20,4.4
108,서울,2024-12-06 00:21,4.4
108,서울,2024-12-06 00:22,4.4
108,서울,2024-12-06 00:23,4.4
108,서울,2024-12-06 00:24,4.4
108,서울,2024-12-06 00:25,4.4
108,서울,2024-12-06 00:26,4.4
108,서울,2024-12-06 00:27,4.4
108,서울,2024-12-06 00:28,4.4
108,서울,2024-12-06 00:29,4.4
108,서울,2024-12-06 00:30,4.4
108,서울,2024-12-06 00:31,4.4
108,서울,2024-12-06 00:32,4.4
108,서울,2024-12-06 00:33,4.3
108,서울,2024-12-06 00:34,4.3
108,서울,2024-12-06 00:35,4.3
108,서울,2024-12-06 00:36,4.3
108,서울,2024-12-06 00:37,4.3
108,서울,2024-12-06 00:38,4.3
108,서울,2024-12-06 00:39,4.3
108,서울,2024-12-06 00:40,4.3
108,서울,2024-12-06 00:41,4.3
108,서울,2024-12-06 00:42,4.3
108,서울,2024-12-06 00:43,4.3
108,서울,2024-12-06 00:44,4.2
108,서울,2024-12-06 00:45,4.2
108,서울,2024-12-06 00:46,4.2
108,서울,2024-12-06 00:47,4.2
108,서울,2024-12-06 00:48,4.1
108,서울,2024-12-06 00:49,4.1
108,서울,2024-12-06 00:50,4.1
108,서울,2024-12-06 00:51,4.1
108,서울,2024-12-06 00:52,4
108,서울,2024-12-06 00:53,4
108,서울,2024-12-06 00:54,4
108,서울,2024-12-06 00:55,4
108,서울,2024-12-06 00:56,4
108,서울,2024-12-06 00:57,4
108,서울,2024-12-06 00:58,3.9
108,서울,2024-12-06 00:59,3.9
108,서울,2024-12-06 01:00,3.9
108,서울,2024-12-06 01:01,3.9
108,서울,2024-12-06 01:02,3.9
108,서울,2024-12-06 01:03,3.9
108,서울,2024-12-06 01:04,3.9
108,서울,2024-12-06 01:05,3.8
108,서울,2024-12-06 01:06,3.8
108,서울,2024-12-06 01:07,3.8
108,서울,2024-12-06 01:08,3.8
108,서울,2024-12-06 01:09,3.8
108,서울,2024-12-06 01:10,3.7
108,서울,2024-12-06 01:11,3.7
108,서울,2024-12-06 01:12,3.7
108,서울,2024-12-06 01:13,3.7
108,서울,2024-12-06 01:14,3.6
108,서울,2024-12-06 01:15,3.6
108,서울,2024-12-06 01:16,3.6
108,서울,2024-12-06 01:17,3.6
108,서울,2024-12-06 01:18,3.6
108,서울,2024-12-06 01:19,3.5
108,서울,2024-12-06 01:20,3.5
108,서울,2024-12-06 01:21,3.5
108,서울,2024-12-06 01:22,3.5
108,서울,2024-12-06 01:23,3.5
108,서울,2024-12-06 01:24,3.4
108,서울,2024-12-06 01:25,3.4
108,서울,2024-12-06 01:26,3.4
108,서울,2024-12-06 01:27,3.3
108,서울,2024-12-06 01:28,3.3
108,서울,2024-12-06 01:29,3.3
108,서울,2024-12-06 01:30,3.3
108,서울,2024-12-06 01:31,3.3
108,서울,2024-12-06 01:32,3.3
108,서울,2024-12-06 01:33,3.2
108,서울,2024-12-06 01:34,3.2
108,서울,2024-12-06 01:35,3.2
108,서울,2024-12-06 01:36,3.2
108,서울,2024-12-06 01:37,3.2
108,서울,2024-12-06 01:38,3.2
108,서울,2024-12-06 01:39,3.2
108,서울,2024-12-06 01:40,3.2
108,서울,2024-12-06 01:41,3.2
108,서울,2024-12-06 01:42,3.2
108,서울,2024-12-06 01:43,3.1
108,서울,2024-12-06 01:44,3.1
108,서울,2024-12-06 01:45,3.1
108,서울,2024-12-06 01:46,3
108,서울,2024-12-06 01:47,3
108,서울,2024-12-06 01:48,3
108,서울,2024-12-06 01:49,3
108,서울,2024-12-06 01:50,3
108,서울,2024-12-06 01:51,3
108,서울,2024-12-06 01:52,3
108,서울,2024-12-06 01:53,3
108,서울,2024-12-06 01:54,2.9
108,서울,2024-12-06 01:55,2.9
108,서울,2024-12-06 01:56,2.9
108,서울,2024-12-06 01:57,2.9
108,서울,2024-12-06 01:58,2.8
108,서울,2024-12-06 01:59,2.8
108,서울,2024-12-06 02:00,2.8
108,서울,2024-12-06 02:01,2.8
108,서울,2024-12-06 02:02,2.8
108,서울,2024-12-06 02:03,2.8
108,서울,2024-12-06 02:04,2.8
108,서울,2024-12-06 02:05,2.8
108,서울,2024-12-06 02:06,2.7
108,서울,2024-12-06 02:07,2.7
108,서울,2024-12-06 02:08,2.7
108,서울,2024-12-06 02:09,2.7
108,서울,2024-12-06 02:10,2.7
108,서울,2024-12-06 02:11,2.7
108,서울,2024-12-06 02:12,2.6
108,서울,2024-12-06 02:13,2.6
108,서울,2024-12-06 02:14,2.6
108,서울,2024-12-06 02:15,2.6
108,서울,2024-12-06 02:16,2.6
108,서울,2024-12-06 02:17,2.6
108,서울,2024-12-06 02:18,2.6
108,서울,2024-12-06 02:19,2.5
108,서울,2024-12-06 02:20,2.5
108,서울,2024-12-06 02:21,2.5
108,서울,2024-12-06 02:22,2.5
108,서울,2024-12-06 02:23,2.5
108,서울,2024-12-06 02:24,2.5
108,서울,2024-12-06 02:25,2.5
108,서울,2024-12-06 02:26,2.5
108,서울,2024-12-06 02:27,2.5
108,서울,2024-12-06 02:28,2.5
108,서울,2024-12-06 02:29,2.5
108,서울,2024-12-06 02:30,2.4
108,서울,2024-12-06 02:31,2.4
108,서울,2024-12-06 02:32,2.4
108,서울,2024-12-06 02:33,2.4
108,서울,2024-12-06 02:34,2.3
108,서울,2024-12-06 02:35,2.3
108,서울,2024-12-06 02:36,2.3
108,서울,2024-12-06 02:37,2.3
108,서울,2024-12-06 02:38,2.3
108,서울,2024-12-06 02:39,2.3
108,서울,2024-12-06 02:40,2.3
108,서울,2024-12-06 02:41,2.3
108,서울,2024-12-06 02:42,2.2
108,서울,2024-12-06 02:43,2.2
108,서울,2024-12-06 02:44,2.2
108,서울,2024-12-06 02:45,2.2
108,서울,2024-12-06 02:46,2.2
108,서울,2024-12-06 02:47,2.2
108,서울,2024-12-06 02:48,2.2
108,서울,2024-12-06 02:49,2.2
108,서울,2024-12-06 02:50,2.2
108,서울,2024-12-06 02:51,2.2
108,서울,2024-12-06 02:52,2.2
108,서울,2024-12-06 02:53,2.2
108,서울,2024-12-06 02:54,2.3
108,서울,2024-12-06 02:55,2.3
108,서울,2024-12-06 02:56,2.3
108,서울,2024-12-06 02:57,2.3
108,서울,2024-12-06 02:58,2.4
108,서울,2024-12-06 02:59,2.4
108,서울,2024-12-06 03:00,2.4
108,서울,2024-12-06 03:01,2.4
108,서울,2024-12-06 03:02,2.4
108,서울,2024-12-06 03:03,2.3
108,서울,2024-12-06 03:04,2.3
108,서울,2024-12-06 03:05,2.3
108,서울,2024-12-06 03:06,2.4
108,서울,2024-12-06 03:07,2.4
108,서울,2024-12-06 03:08,2.4
108,서울,2024-12-06 03:09,2.4
108,서울,2024-12-06 03:10,2.4
108,서울,2024-12-06 03:11,2.4
108,서울,2024-12-06 03:12,2.3
108,서울,2024-12-06 03:13,2.3
108,서울,2024-12-06 03:14,2.3
108,서울,2024-12-06 03:15,2.3
108,서울,2024-12-06 03:16,2.3
108,서울,2024-12-06 03:17,2.2
108,서울,2024-12-06 03:18,2.2
108,서울,2024-12-06 03:19,2.2
108,서울,2024-12-06 03:20,2.2
108,서울,2024-12-06 03:21,2.2
108,서울,2024-12-06 03:22,2.2
108,서울,2024-12-06 03:23,2.1
108,서울,2024-12-06 03:24,2.1
108,서울,2024-12-06 03:25,2.1
108,서울,2024-12-06 03:26,2.1
108,서울,2024-12-06 03:27,2.1
108,서울,2024-12-06 03:28,2.1
108,서울,2024-12-06 03:29,2.1
108,서울,2024-12-06 03:30,2.1
108,서울,2024-12-06 03:31,2.1
108,서울,2024-12-06 03:32,2.1
108,서울,2024-12-06 03:33,2.1
108,서울,2024-12-06 03:34,2.1
108,서울,2024-12-06 03:35,2.1
108,서울,2024-12-06 03:36,2
108,서울,2024-12-06 03:37,2
108,서울,2024-12-06 03:38,2
108,서울,2024-12-06 03:39,2
108,서울,2024-12-06 03:40,2
108,서울,2024-12-06 03:41,1.9
108,서울,2024-12-06 03:42,1.9
108,서울,2024-12-06 03:43,1.9
108,서울,2024-12-06 03:44,1.9
108,서울,2024-12-06 03:45,1.9
108,서울,2024-12-06 03:46,1.9
108,서울,2024-12-06 03:47,1.9
108,서울,2024-12-06 03:48,1.9
108,서울,2024-12-06 03:49,1.9
108,서울,2024-12-06 03:50,1.9
108,서울,2024-12-06 03:51,1.9
108,서울,2024-12-06 03:52,1.9
108,서울,2024-12-06 03:53,1.9
108,서울,2024-12-06 03:54,1.9
108,서울,2024-12-06 03:55,1.9
108,서울,2024-12-06 03:56,1.9
108,서울,2024-12-06 03:57,1.9
108,서울,2024-12-06 03:58,1.9
108,서울,2024-12-06 03:59,1.8
108,서울,2024-12-06 04:00,1.8
108,서울,2024-12-06 04:01,1.8
108,서울,2024-12-06 04:02,1.8
108,서울,2024-12-06 04:03,1.8
108,서울,2024-12-06 04:04,1.8
108,서울,2024-12-06 04:05,1.8
108,서울,2024-12-06 04:06,1.7
108,서울,2024-12-06 04:07,1.7
108,서울,2024-12-06 04:08,1.7
108,서울,2024-12-06 04:09,1.7
108,서울,2024-12-06 04:10,1.7
108,서울,2024-12-06 04:11,1.7
108,서울,2024-12-06 04:12,1.7
108,서울,2024-12-06 04:13,1.7
108,서울,2024-12-06 04:14,1.7
108,서울,2024-12-06 04:15,1.7
108,서울,2024-12-06 04:16,1.7
108,서울,2024-12-06 04:17,1.7
108,서울,2024-12-06 04:18,1.7
108,서울,2024-12-06 04:19,1.7
108,서울,2024-12-06 04:20,1.7
108,서울,2024-12-06 04:21,1.7
108,서울,2024-12-06 04:22,1.7
108,서울,2024-12-06 04:23,1.7
108,서울,2024-12-06 04:24,1.7
108,서울,2024-12-06 04:25,1.7
108,서울,2024-12-06 04:26,1.6
108,서울,2024-12-06 04:27,1.6
108,서울,2024-12-06 04:28,1.6
108,서울,2024-12-06 04:29,1.6
108,서울,2024-12-06 04:30,1.6
108,서울,2024-12-06 04:31,1.6
108,서울,2024-12-06 04:32,1.6
108,서울,2024-12-06 04:33,1.7
108,서울,2024-12-06 04:34,1.7
108,서울,2024-12-06 04:35,1.7
108,서울,2024-12-06 04:36,1.7
108,서울,2024-12-06 04:37,1.7
108,서울,2024-12-06 04:38,1.7
108,서울,2024-12-06 04:39,1.7
108,서울,2024-12-06 04:40,1.7
108,서울,2024-12-06 04:41,1.6
108,서울,2024-12-06 04:42,1.6
108,서울,2024-12-06 04:43,1.6
108,서울,2024-12-06 04:44,1.6
108,서울,2024-12-06 04:45,1.6
108,서울,2024-12-06 04:46,1.6
108,서울,2024-12-06 04:47,1.5
108,서울,2024-12-06 04:48,1.6
108,서울,2024-12-06 04:49,1.5
108,서울,2024-12-06 04:50,1.5
108,서울,2024-12-06 04:51,1.5
108,서울,2024-12-06 04:52,1.5
108,서울,2024-12-06 04:53,1.5
108,서울,2024-12-06 04:54,1.5
108,서울,2024-12-06 04:55,1.5
108,서울,2024-12-06 04:56,1.5
108,서울,2024-12-06 04:57,1.5
108,서울,2024-12-06 04:58,1.4
108,서울,2024-12-06 04:59,1.4
108,서울,2024-12-06 05:00,1.5
108,서울,2024-12-06 05:01,1.5
108,서울,2024-12-06 05:02,1.5
108,서울,2024-12-06 05:03,1.5
108,서울,2024-12-06 05:04,1.4
108,서울,2024-12-06 05:05,1.4
108,서울,2024-12-06 05:06,1.4
108,서울,2024-12-06 05:07,1.4
108,서울,2024-12-06 05:08,1.3
108,서울,2024-12-06 05:09,1.3
108,서울,2024-12-06 05:10,1.3
108,서울,2024-12-06 05:11,1.3
108,서울,2024-12-06 05:12,1.3
108,서울,2024-12-06 05:13,1.3
108,서울,2024-12-06 05:14,1.3
108,서울,2024-12-06 05:15,1.2
108,서울,2024-12-06 05:16,1.2
108,서울,2024-12-06 05:17,1.2
108,서울,2024-12-06 05:18,1.2
108,서울,2024-12-06 05:19,1.2
108,서울,2024-12-06 05:20,1.2
108,서울,2024-12-06 05:21,1.2
108,서울,2024-12-06 05:22,1.2
108,서울,2024-12-06 05:23,1.1
108,서울,2024-12-06 05:24,1.2
108,서울,2024-12-06 05:25,1.2
108,서울,2024-12-06 05:26,1.1
108,서울,2024-12-06 05:27,1.2
108,서울,2024-12-06 05:28,1.2
108,서울,2024-12-06 05:29,1.2
108,서울,2024-12-06 05:30,1.2
108,서울,2024-12-06 05:31,1.2
108,서울,2024-12-06 05:32,1.2
108,서울,2024-12-06 05:33,1.2
108,서울,2024-12-06 05:34,1.3
108,서울,2024-12-06 05:35,1.3
108,서울,2024-12-06 05:36,1.3
108,서울,2024-12-06 05:37,1.4
108,서울,2024-12-06 05:38,1.4
108,서울,2024-12-06 05:39,1.4
108,서울,2024-12-06 05:40,1.4
108,서울,2024-12-06 05:41,1.4
108,서울,2024-12-06 05:42,1.4
108,서울,2024-12-06 05:43,1.4
108,서울,2024-12-06 05:44,1.4
108,서울,2024-12-06 05:45,1.3
108,서울,2024-12-06 05:46,1.4
108,서울,2024-12-06 05:47,1.4
108,서울,2024-12-06 05:48,1.4
108,서울,2024-12-06 05:49,1.4
108,서울,2024-12-06 05:50,1.3
108,서울,2024-12-06 05:51,1.3
108,서울,2024-12-06 05:52,1.3
108,서울,2024-12-06 05:53,1.3
108,서울,2024-12-06 05:54,1.3
108,서울,2024-12-06 05:55,1.3
108,서울,2024-12-06 05:56,1.3
108,서울,2024-12-06 05:57,1.3
108,서울,2024-12-06 05:58,1.2
108,서울,2024-12-06 05:59,1.2
108,서울,2024-12-06 06:00,1.2
108,서울,2024-12-06 06:01,1.2
108,서울,2024-12-06 06:02,1.2
108,서울,2024-12-06 06:03,1.2
108,서울,2024-12-06 06:04,1.2
108,서울,2024-12-06 06:05,1.2
108,서울,2024-12-06 06:06,1.1
108,서울,2024-12-06 06:07,1.1
108,서울,2024-12-06 06:08,1.1
108,서울,2024-12-06 06:09,1.1
108,서울,2024-12-06 06:10,1.1
108,서울,2024-12-06 06:11,1.1
108,서울,2024-12-06 06:12,1.1
108,서울,2024-12-06 06:13,1
108,서울,2024-12-06 06:14,1
108,서울,2024-12-06 06:15,1
108,서울,2024-12-06 06:16,1
108,서울,2024-12-06 06:17,1
108,서울,2024-12-06 06:18,1
108,서울,2024-12-06 06:19,1
108,서울,2024-12-06 06:20,1
108,서울,2024-12-06 06:21,1
108,서울,2024-12-06 06:22,1
108,서울,2024-12-06 06:23,1
108,서울,2024-12-06 06:24,1
108,서울,2024-12-06 06:25,1.1
108,서울,2024-12-06 06:26,1
108,서울,2024-12-06 06:27,1
108,서울,2024-12-06 06:28,1
108,서울,2024-12-06 06:29,1
108,서울,2024-12-06 06:30,.9
108,서울,2024-12-06 06:31,.9
108,서울,2024-12-06 06:32,.9
108,서울,2024-12-06 06:33,.9
108,서울,2024-12-06 06:34,.9
108,서울,2024-12-06 06:35,.9
108,서울,2024-12-06 06:36,.9
108,서울,2024-12-06 06:37,.9
108,서울,2024-12-06 06:38,.9
108,서울,2024-12-06 06:39,.8
108,서울,2024-12-06 06:40,.8
108,서울,2024-12-06 06:41,.8
108,서울,2024-12-06 06:42,.8
108,서울,2024-12-06 06:43,.7
108,서울,2024-12-06 06:44,.7
108,서울,2024-12-06 06:45,.7
108,서울,2024-12-06 06:46,.7
108,서울,2024-12-06 06:47,.7
108,서울,2024-12-06 06:48,.7
108,서울,2024-12-06 06:49,.7
108,서울,2024-12-06 06:50,.7
108,서울,2024-12-06 06:51,.7
108,서울,2024-12-06 06:52,.7
108,서울,2024-12-06 06:53,.7
108,서울,2024-12-06 06:54,.7
108,서울,2024-12-06 06:55,.8
108,서울,2024-12-06 06:56,.8
108,서울,2024-12-06 06:57,.8
108,서울,2024-12-06 06:58,.8
108,서울,2024-12-06 06:59,.8
108,서울,2024-12-06 07:00,.8
108,서울,2024-12-06 07:01,.8
108,서울,2024-12-06 07:02,.8
108,서울,2024-12-06 07:03,.8
108,서울,2024-12-06 07:04,.8
108,서울,2024-12-06 07:05,.8
108,서울,2024-12-06 07:06,.8
108,서울,2024-12-06 07:07,.8
108,서울,2024-12-06 07:08,.8
108,서울,2024-12-06 07:09,.7
108,서울,2024-12-06 07:10,.7
108,서울,2024-12-06 07:11,.7
108,서울,2024-12-06 07:12,.7
108,서울,2024-12-06 07:13,.6
108,서울,2024-12-06 07:14,.6
108,서울,2024-12-06 07:15,.6
108,서울,2024-12-06 07:16,.6
108,서울,2024-12-06 07:17,.6
108,서울,2024-12-06 07:18,.6
108,서울,2024-12-06 07:19,.5
108,서울,2024-12-06 07:20,.5
108,서울,2024-12-06 07:21,.5
108,서울,2024-12-06 07:22,.5
108,서울,2024-12-06 07:23,.4
108,서울,2024-12-06 07:24,.4
108,서울,2024-12-06 07:25,.4
108,서울,2024-12-06 07:26,.4
108,서울,2024-12-06 07:27,.4
108,서울,2024-12-06 07:28,.4
108,서울,2024-12-06 07:29,.3
108,서울,2024-12-06 07:30,.4
108,서울,2024-12-06 07:31,.3
108,서울,2024-12-06 07:32,.3
108,서울,2024-12-06 07:33,.3
108,서울,2024-12-06 07:34,.3
108,서울,2024-12-06 07:35,.3
108,서울,2024-12-06 07:36,.3
108,서울,2024-12-06 07:37,.3
108,서울,2024-12-06 07:38,.3
108,서울,2024-12-06 07:39,.3
108,서울,2024-12-06 07:40,.3
108,서울,2024-12-06 07:41,.2
108,서울,2024-12-06 07:42,.2
108,서울,2024-12-06 07:43,.2
108,서울,2024-12-06 07:44,.2
108,서울,2024-12-06 07:45,.2
108,서울,2024-12-06 07:46,.2
108,서울,2024-12-06 07:47,.2
108,서울,2024-12-06 07:48,.1
108,서울,2024-12-06 07:49,.1
108,서울,2024-12-06 07:50,.1
108,서울,2024-12-06 07:51,.1
108,서울,2024-12-06 07:52,.1
108,서울,2024-12-06 07:53,.1
108,서울,2024-12-06 07:54,.1
108,서울,2024-12-06 07:55,0
108,서울,2024-12-06 07:56,0
108,서울,2024-12-06 07:57,0
108,서울,2024-12-06 07:58,0
108,서울,2024-12-06 07:59,0
108,서울,2024-12-06 08:00,0
108,서울,2024-12-06 08:01,0
108,서울,2024-12-06 08:02,0
108,서울,2024-12-06 08:03,0
108,서울,2024-12-06 08:04,0
108,서울,2024-12-06 08:05,0
108,서울,2024-12-06 08:06,0
108,서울,2024-12-06 08:07,0
108,서울,2024-12-06 08:08,0
108,서울,2024-12-06 08:09,0
108,서울,2024-12-06 08:10,0
108,서울,2024-12-06 08:11,0
108,서울,2024-12-06 08:12,0
108,서울,2024-12-06 08:13,0
108,서울,2024-12-06 08:14,0
108,서울,2024-12-06 08:15,.1
108,서울,2024-12-06 08:16,.1
108,서울,2024-12-06 08:17,.1
108,서울,2024-12-06 08:18,.1
108,서울,2024-12-06 08:19,.1
108,서울,2024-12-06 08:20,.1
108,서울,2024-12-06 08:21,.1
108,서울,2024-12-06 08:22,.2
108,서울,2024-12-06 08:23,.2
108,서울,2024-12-06 08:24,.2
108,서울,2024-12-06 08:25,.2
108,서울,2024-12-06 08:26,.2
108,서울,2024-12-06 08:27,.2
108,서울,2024-12-06 08:28,.2
108,서울,2024-12-06 08:29,.2
108,서울,2024-12-06 08:30,.2
108,서울,2024-12-06 08:31,.2
108,서울,2024-12-06 08:32,.2
108,서울,2024-12-06 08:33,.2
108,서울,2024-12-06 08:34,.2
108,서울,2024-12-06 08:35,.2
108,서울,2024-12-06 08:36,.2
108,서울,2024-12-06 08:37,.2
108,서울,2024-12-06 08:38,.2
108,서울,2024-12-06 08:39,.2
108,서울,2024-12-06 08:40,.3
108,서울,2024-12-06 08:41,.4
108,서울,2024-12-06 08:42,.4
108,서울,2024-12-06 08:43,.3
108,서울,2024-12-06 08:44,.3
108,서울,2024-12-06 08:45,.4
108,서울,2024-12-06 08:46,.4
108,서울,2024-12-06 08:47,.4
108,서울,2024-12-06 08:48,.5
108,서울,2024-12-06 08:49,.5
108,서울,2024-12-06 08:50,.5
108,서울,2024-12-06 08:51,.5
108,서울,2024-12-06 08:52,.6
108,서울,2024-12-06 08:53,.6
108,서울,2024-12-06 08:54,.6
108,서울,2024-12-06 08:55,.6
108,서울,2024-12-06 08:56,.7
108,서울,2024-12-06 08:57,.7
108,서울,2024-12-06 08:58,.7
108,서울,2024-12-06 08:59,.7
108,서울,2024-12-06 09:00,.8
108,서울,2024-12-06 09:01,.8
108,서울,2024-12-06 09:02,.8
108,서울,2024-12-06 09:03,.8
108,서울,2024-12-06 09:04,.8
108,서울,2024-12-06 09:05,.9
108,서울,2024-12-06 09:06,.9
108,서울,2024-12-06 09:07,.9
108,서울,2024-12-06 09:08,.9
108,서울,2024-12-06 09:09,.9
108,서울,2024-12-06 09:10,1
108,서울,2024-12-06 09:11,1
108,서울,2024-12-06 09:12,1
108,서울,2024-12-06 09:13,1
108,서울,2024-12-06 09:14,1
108,서울,2024-12-06 09:15,1.1
108,서울,2024-12-06 09:16,1.1
108,서울,2024-12-06 09:17,1.1
108,서울,2024-12-06 09:18,1.1
108,서울,2024-12-06 09:19,1.1
108,서울,2024-12-06 09:20,1.1
108,서울,2024-12-06 09:21,1.1
108,서울,2024-12-06 09:22,1.1
108,서울,2024-12-06 09:23,1.2
108,서울,2024-12-06 09:24,1.2
108,서울,2024-12-06 09:25,1.2
108,서울,2024-12-06 09:26,1.3
108,서울,2024-12-06 09:27,1.3
108,서울,2024-12-06 09:28,1.3
108,서울,2024-12-06 09:29,1.3
108,서울,2024-12-06 09:30,1.3
108,서울,2024-12-06 09:31,1.3
108,서울,2024-12-06 09:32,1.4
108,서울,2024-12-06 09:33,1.4
108,서울,2024-12-06 09:34,1.4
108,서울,2024-12-06 09:35,1.5
108,서울,2024-12-06 09:36,1.5
108,서울,2024-12-06 09:37,1.5
108,서울,2024-12-06 09:38,1.5
108,서울,2024-12-06 09:39,1.5
108,서울,2024-12-06 09:40,1.6
108,서울,2024-12-06 09:41,1.6
108,서울,2024-12-06 09:42,1.6
108,서울,2024-12-06 09:43,1.6
108,서울,2024-12-06 09:44,1.6
108,서울,2024-12-06 09:45,1.7
108,서울,2024-12-06 09:46,1.7
108,서울,2024-12-06 09:47,1.8
108,서울,2024-12-06 09:48,1.8
108,서울,2024-12-06 09:49,1.9
108,서울,2024-12-06 09:50,1.9
108,서울,2024-12-06 09:51,2
108,서울,2024-12-06 09:52,2
108,서울,2024-12-06 09:53,2
108,서울,2024-12-06 09:54,2.1
108,서울,2024-12-06 09:55,2.1
108,서울,2024-12-06 09:56,2.1
108,서울,2024-12-06 09:57,2.1
108,서울,2024-12-06 09:58,2.1
108,서울,2024-12-06 09:59,2.1
108,서울,2024-12-06 10:00,2.1
108,서울,2024-12-06 10:01,2
108,서울,2024-12-06 10:02,2
108,서울,2024-12-06 10:03,2
108,서울,2024-12-06 10:04,2.1
108,서울,2024-12-06 10:05,2.1
108,서울,2024-12-06 10:06,2.1
108,서울,2024-12-06 10:07,2.1
108,서울,2024-12-06 10:08,2.1
108,서울,2024-12-06 10:09,2.1
108,서울,2024-12-06 10:10,2.1
108,서울,2024-12-06 10:11,2.1
108,서울,2024-12-06 10:12,2.1
108,서울,2024-12-06 10:13,2.2
108,서울,2024-12-06 10:14,2.2
108,서울,2024-12-06 10:15,2.2
108,서울,2024-12-06 10:16,2.2
108,서울,2024-12-06 10:17,2.2
108,서울,2024-12-06 10:18,2.3
108,서울,2024-12-06 10:19,2.3
108,서울,2024-12-06 10:20,2.3
108,서울,2024-12-06 10:21,2.3
108,서울,2024-12-06 10:22,2.3
108,서울,2024-12-06 10:23,2.5
108,서울,2024-12-06 10:24,2.5
108,서울,2024-12-06 10:25,2.6
108,서울,2024-12-06 10:26,2.6
108,서울,2024-12-06 10:27,2.6
108,서울,2024-12-06 10:28,2.7
108,서울,2024-12-06 10:29,2.7
108,서울,2024-12-06 10:30,2.7
108,서울,2024-12-06 10:31,2.7
108,서울,2024-12-06 10:32,2.8
108,서울,2024-12-06 10:33,2.7
108,서울,2024-12-06 10:34,2.8
108,서울,2024-12-06 10:35,2.9
108,서울,2024-12-06 10:36,2.9
108,서울,2024-12-06 10:37,3
108,서울,2024-12-06 10:38,2.9
108,서울,2024-12-06 10:39,2.9
108,서울,2024-12-06 10:40,2.9
108,서울,2024-12-06 10:41,2.9
108,서울,2024-12-06 10:42,2.9
108,서울,2024-12-06 10:43,2.9
108,서울,2024-12-06 10:44,2.9
108,서울,2024-12-06 10:45,2.9
108,서울,2024-12-06 10:46,3
108,서울,2024-12-06 10:47,3
108,서울,2024-12-06 10:48,3
108,서울,2024-12-06 10:49,3
108,서울,2024-12-06 10:50,3
108,서울,2024-12-06 10:51,3.1
108,서울,2024-12-06 10:52,3.2
108,서울,2024-12-06 10:53,3.2
108,서울,2024-12-06 10:54,3.3
108,서울,2024-12-06 10:55,3.4
108,서울,2024-12-06 10:56,3.4
108,서울,2024-12-06 10:57,3.4
108,서울,2024-12-06 10:58,3.4
108,서울,2024-12-06 10:59,3.5
108,서울,2024-12-06 11:00,3.5
108,서울,2024-12-06 11:01,3.5
108,서울,2024-12-06 11:02,3.5
108,서울,2024-12-06 11:03,3.4
108,서울,2024-12-06 11:04,3.4
108,서울,2024-12-06 11:05,3.4
108,서울,2024-12-06 11:06,3.3
108,서울,2024-12-06 11:07,3.2
108,서울,2024-12-06 11:08,3.1
108,서울,2024-12-06 11:09,3.1
108,서울,2024-12-06 11:10,3
108,서울,2024-12-06 11:11,3.1
108,서울,2024-12-06 11:12,3.2
108,서울,2024-12-06 11:13,3.3
108,서울,2024-12-06 11:14,3.4
108,서울,2024-12-06 11:15,3.4
108,서울,2024-12-06 11:16,3.4
108,서울,2024-12-06 11:17,3.4
108,서울,2024-12-06 11:18,3.4
108,서울,2024-12-06 11:19,3.4
108,서울,2024-12-06 11:20,3.5
108,서울,2024-12-06 11:21,3.6
108,서울,2024-12-06 11:22,3.6
108,서울,2024-12-06 11:23,3.7
108,서울,2024-12-06 11:24,3.7
108,서울,2024-12-06 11:25,3.6
108,서울,2024-12-06 11:26,3.5
108,서울,2024-12-06 11:27,3.5
108,서울,2024-12-06 11:28,3.5
108,서울,2024-12-06 11:29,3.6
108,서울,2024-12-06 11:30,3.6
108,서울,2024-12-06 11:31,3.6
108,서울,2024-12-06 11:32,3.7
108,서울,2024-12-06 11:33,3.8
108,서울,2024-12-06 11:34,3.7
108,서울,2024-12-06 11:35,3.6
108,서울,2024-12-06 11:36,3.6
108,서울,2024-12-06 11:37,3.6
108,서울,2024-12-06 11:38,3.7
108,서울,2024-12-06 11:39,3.8
108,서울,2024-12-06 11:40,3.7
108,서울,2024-12-06 11:41,3.6
108,서울,2024-12-06 11:42,3.6
108,서울,2024-12-06 11:43,3.7
108,서울,2024-12-06 11:44,3.7
108,서울,2024-12-06 11:45,3.7
108,서울,2024-12-06 11:46,3.6
108,서울,2024-12-06 11:47,3.6
108,서울,2024-12-06 11:48,3.6
108,서울,2024-12-06 11:49,3.7
108,서울,2024-12-06 11:50,3.8
108,서울,2024-12-06 11:51,4
108,서울,2024-12-06 11:52,4
108,서울,2024-12-06 11:53,4
108,서울,2024-12-06 11:54,4.1
108,서울,2024-12-06 11:55,4.1
108,서울,2024-12-06 11:56,4.1
108,서울,2024-12-06 11:57,4.1
108,서울,2024-12-06 11:58,4.1
108,서울,2024-12-06 11:59,4.1
108,서울,2024-12-06 12:00,4.2
108,서울,2024-12-06 12:01,4.3
108,서울,2024-12-06 12:02,4.3
108,서울,2024-12-06 12:03,4.3
108,서울,2024-12-06 12:04,4.2
108,서울,2024-12-06 12:05,4.1
108,서울,2024-12-06 12:06,4.1
108,서울,2024-12-06 12:07,4.1
108,서울,2024-12-06 12:08,4
108,서울,2024-12-06 12:09,3.9
108,서울,2024-12-06 12:10,3.9
108,서울,2024-12-06 12:11,3.9
108,서울,2024-12-06 12:12,4
108,서울,2024-12-06 12:13,4
108,서울,2024-12-06 12:14,4.1
108,서울,2024-12-06 12:15,4.2
108,서울,2024-12-06 12:16,4.3
108,서울,2024-12-06 12:17,4.3
108,서울,2024-12-06 12:18,4.3
108,서울,2024-12-06 12:19,4.4
108,서울,2024-12-06 12:20,4.5
108,서울,2024-12-06 12:21,4.5
108,서울,2024-12-06 12:22,4.4
108,서울,2024-12-06 12:23,4.5
108,서울,2024-12-06 12:24,4.5
108,서울,2024-12-06 12:25,4.5
108,서울,2024-12-06 12:26,4.5
108,서울,2024-12-06 12:27,4.5
108,서울,2024-12-06 12:28,4.4
108,서울,2024-12-06 12:29,4.5
108,서울,2024-12-06 12:30,4.5
108,서울,2024-12-06 12:31,4.4
108,서울,2024-12-06 12:32,4.3
108,서울,2024-12-06 12:33,4.3
108,서울,2024-12-06 12:34,4.4
108,서울,2024-12-06 12:35,4.5
108,서울,2024-12-06 12:36,4.5
108,서울,2024-12-06 12:37,4.6
108,서울,2024-12-06 12:38,4.7
108,서울,2024-12-06 12:39,4.7
108,서울,2024-12-06 12:40,4.6
108,서울,2024-12-06 12:41,4.6
108,서울,2024-12-06 12:42,4.6
108,서울,2024-12-06 12:43,4.6
108,서울,2024-12-06 12:44,4.7
108,서울,2024-12-06 12:45,4.7
108,서울,2024-12-06 12:46,4.7
108,서울,2024-12-06 12:47,4.6
108,서울,2024-12-06 12:48,4.6
108,서울,2024-12-06 12:49,4.6
108,서울,2024-12-06 12:50,4.7
108,서울,2024-12-06 12:51,4.8
108,서울,2024-12-06 12:52,4.9
108,서울,2024-12-06 12:53,5
108,서울,2024-12-06 12:54,5.1
108,서울,2024-12-06 12:55,5
108,서울,2024-12-06 12:56,5.1
108,서울,2024-12-06 12:57,5.1
108,서울,2024-12-06 12:58,5.1
108,서울,2024-12-06 12:59,5.2
108,서울,2024-12-06 13:00,5.2
108,서울,2024-12-06 13:01,5.2
108,서울,2024-12-06 13:02,5.1
108,서울,2024-12-06 13:03,5.1
108,서울,2024-12-06 13:04,5
108,서울,2024-12-06 13:05,5
108,서울,2024-12-06 13:06,4.9
108,서울,2024-12-06 13:07,4.8
108,서울,2024-12-06 13:08,4.8
108,서울,2024-12-06 13:09,4.8
108,서울,2024-12-06 13:10,4.9
108,서울,2024-12-06 13:11,4.9
108,서울,2024-12-06 13:12,4.9
108,서울,2024-12-06 13:13,5
108,서울,2024-12-06 13:14,5
108,서울,2024-12-06 13:15,5
108,서울,2024-12-06 13:16,5
108,서울,2024-12-06 13:17,5
108,서울,2024-12-06 13:18,5.1
108,서울,2024-12-06 13:19,5.1
108,서울,2024-12-06 13:20,5
108,서울,2024-12-06 13:21,5.1
108,서울,2024-12-06 13:22,5.1
108,서울,2024-12-06 13:23,5.2
108,서울,2024-12-06 13:24,5.2
108,서울,2024-12-06 13:25,5.2
108,서울,2024-12-06 13:26,5.2
108,서울,2024-12-06 13:27,5.1
108,서울,2024-12-06 13:28,5
108,서울,2024-12-06 13:29,4.8
108,서울,2024-12-06 13:30,4.8
108,서울,2024-12-06 13:31,4.8
108,서울,2024-12-06 13:32,4.8
108,서울,2024-12-06 13:33,4.7
108,서울,2024-12-06 13:34,4.7
108,서울,2024-12-06 13:35,4.6
108,서울,2024-12-06 13:36,4.6
108,서울,2024-12-06 13:37,4.6
108,서울,2024-12-06 13:38,4.5
108,서울,2024-12-06 13:39,4.5
108,서울,2024-12-06 13:40,4.6
108,서울,2024-12-06 13:41,4.7
108,서울,2024-12-06 13:42,4.8
108,서울,2024-12-06 13:43,4.8
108,서울,2024-12-06 13:44,4.7
108,서울,2024-12-06 13:45,4.6
108,서울,2024-12-06 13:46,4.6
108,서울,2024-12-06 13:47,4.7
108,서울,2024-12-06 13:48,4.6
108,서울,2024-12-06 13:49,4.5
108,서울,2024-12-06 13:50,4.6
108,서울,2024-12-06 13:51,4.7
108,서울,2024-12-06 13:52,4.9
108,서울,2024-12-06 13:53,4.9
108,서울,2024-12-06 13:54,5
108,서울,2024-12-06 13:55,5
108,서울,2024-12-06 13:56,5
108,서울,2024-12-06 13:57,5
108,서울,2024-12-06 13:58,5.1
108,서울,2024-12-06 13:59,5.1
108,서울,2024-12-06 14:00,5
108,서울,2024-12-06 14:01,4.8
108,서울,2024-12-06 14:02,4.7
108,서울,2024-12-06 14:03,4.8
108,서울,2024-12-06 14:04,4.8
108,서울,2024-12-06 14:05,4.9
108,서울,2024-12-06 14:06,5
108,서울,2024-12-06 14:07,5.1
108,서울,2024-12-06 14:08,5
108,서울,2024-12-06 14:09,5
108,서울,2024-12-06 14:10,5.1
108,서울,2024-12-06 14:11,5.2
108,서울,2024-12-06 14:12,5.1
108,서울,2024-12-06 14:13,4.9
108,서울,2024-12-06 14:14,4.9
108,서울,2024-12-06 14:15,4.9
108,서울,2024-12-06 14:16,4.9
108,서울,2024-12-06 14:17,5
108,서울,2024-12-06 14:18,5
108,서울,2024-12-06 14:19,5
108,서울,2024-12-06 14:20,5
108,서울,2024-12-06 14:21,5
108,서울,2024-12-06 14:22,5
108,서울,2024-12-06 14:23,4.9
108,서울,2024-12-06 14:24,5
108,서울,2024-12-06 14:25,5
108,서울,2024-12-06 14:26,5
108,서울,2024-12-06 14:27,5
108,서울,2024-12-06 14:28,4.9
108,서울,2024-12-06 14:29,4.9
108,서울,2024-12-06 14:30,5
108,서울,2024-12-06 14:31,5.1
108,서울,2024-12-06 14:32,5.1
108,서울,2024-12-06 14:33,5.1
108,서울,2024-12-06 14:34,5
108,서울,2024-12-06 14:35,5
108,서울,2024-12-06 14:36,4.9
108,서울,2024-12-06 14:37,4.9
108,서울,2024-12-06 14:38,4.8
108,서울,2024-12-06 14:39,4.8
108,서울,2024-12-06 14:40,4.8
108,서울,2024-12-06 14:41,4.8
108,서울,2024-12-06 14:42,4.9
108,서울,2024-12-06 14:43,5
108,서울,2024-12-06 14:44,5
108,서울,2024-12-06 14:45,5
108,서울,2024-12-06 14:46,4.9
108,서울,2024-12-06 14:47,5
108,서울,2024-12-06 14:48,5
108,서울,2024-12-06 14:49,5
108,서울,2024-12-06 14:50,5
108,서울,2024-12-06 14:51,5
108,서울,2024-12-06 14:52,5
108,서울,2024-12-06 14:53,4.9
108,서울,2024-12-06 14:54,4.9
108,서울,2024-12-06 14:55,4.9
108,서울,2024-12-06 14:56,4.9
108,서울,2024-12-06 14:57,4.9
108,서울,2024-12-06 14:58,4.8
108,서울,2024-12-06 14:59,4.8
108,서울,2024-12-06 15:00,4.8
108,서울,2024-12-06 15:01,4.8
108,서울,2024-12-06 15:02,4.7
108,서울,2024-12-06 15:03,4.7
108,서울,2024-12-06 15:04,4.7
108,서울,2024-12-06 15:05,4.7
108,서울,2024-12-06 15:06,4.7
108,서울,2024-12-06 15:07,4.6
108,서울,2024-12-06 15:08,4.7
108,서울,2024-12-06 15:09,4.7
108,서울,2024-12-06 15:10,4.7
108,서울,2024-12-06 15:11,4.7
108,서울,2024-12-06 15:12,4.7
108,서울,2024-12-06 15:13,4.8
108,서울,2024-12-06 15:14,4.8
108,서울,2024-12-06 15:15,4.9
108,서울,2024-12-06 15:16,4.9
108,서울,2024-12-06 15:17,4.9
108,서울,2024-12-06 15:18,4.8
108,서울,2024-12-06 15:19,4.8
108,서울,2024-12-06 15:20,4.8
108,서울,2024-12-06 15:21,4.9
108,서울,2024-12-06 15:22,4.9
108,서울,2024-12-06 15:23,4.9
108,서울,2024-12-06 15:24,5
108,서울,2024-12-06 15:25,5
108,서울,2024-12-06 15:26,5
108,서울,2024-12-06 15:27,5
108,서울,2024-12-06 15:28,5
108,서울,2024-12-06 15:29,5
108,서울,2024-12-06 15:30,5.1
108,서울,2024-12-06 15:31,5.2
108,서울,2024-12-06 15:32,5.2
108,서울,2024-12-06 15:33,5.2
108,서울,2024-12-06 15:34,5.1
108,서울,2024-12-06 15:35,5.1
108,서울,2024-12-06 15:36,5.1
108,서울,2024-12-06 15:37,5.1
108,서울,2024-12-06 15:38,5.1
108,서울,2024-12-06 15:39,5
108,서울,2024-12-06 15:40,5
108,서울,2024-12-06 15:41,5.1
108,서울,2024-12-06 15:42,5.1
108,서울,2024-12-06 15:43,5
108,서울,2024-12-06 15:44,5
108,서울,2024-12-06 15:45,5
108,서울,2024-12-06 15:46,5
108,서울,2024-12-06 15:47,5
108,서울,2024-12-06 15:48,4.9
108,서울,2024-12-06 15:49,4.8
108,서울,2024-12-06 15:50,4.8
108,서울,2024-12-06 15:51,4.7
108,서울,2024-12-06 15:52,4.7
108,서울,2024-12-06 15:53,4.7
108,서울,2024-12-06 15:54,4.8
108,서울,2024-12-06 15:55,4.8
108,서울,2024-12-06 15:56,4.8
108,서울,2024-12-06 15:57,4.7
108,서울,2024-12-06 15:58,4.7
108,서울,2024-12-06 15:59,4.6
108,서울,2024-12-06 16:00,4.7
108,서울,2024-12-06 16:01,4.7
108,서울,2024-12-06 16:02,4.7
108,서울,2024-12-06 16:03,4.6
108,서울,2024-12-06 16:04,4.5
108,서울,2024-12-06 16:05,4.5
108,서울,2024-12-06 16:06,4.5
108,서울,2024-12-06 16:07,4.5
108,서울,2024-12-06 16:08,4.6
108,서울,2024-12-06 16:09,4.6
108,서울,2024-12-06 16:10,4.5
108,서울,2024-12-06 16:11,4.5
108,서울,2024-12-06 16:12,4.5
108,서울,2024-12-06 16:13,4.6
108,서울,2024-12-06 16:14,4.6
108,서울,2024-12-06 16:15,4.6
108,서울,2024-12-06 16:16,4.6
108,서울,2024-12-06 16:17,4.6
108,서울,2024-12-06 16:18,4.6
108,서울,2024-12-06 16:19,4.6
108,서울,2024-12-06 16:20,4.5
108,서울,2024-12-06 16:21,4.5
108,서울,2024-12-06 16:22,4.5
108,서울,2024-12-06 16:23,4.5
108,서울,2024-12-06 16:24,4.4
108,서울,2024-12-06 16:25,4.3
108,서울,2024-12-06 16:26,4.3
108,서울,2024-12-06 16:27,4.3
108,서울,2024-12-06 16:28,4.2
108,서울,2024-12-06 16:29,4.2
108,서울,2024-12-06 16:30,4.2
108,서울,2024-12-06 16:31,4.1
108,서울,2024-12-06 16:32,4.1
108,서울,2024-12-06 16:33,4
108,서울,2024-12-06 16:34,4
108,서울,2024-12-06 16:35,4
108,서울,2024-12-06 16:36,4
108,서울,2024-12-06 16:37,3.9
108,서울,2024-12-06 16:38,3.9
108,서울,2024-12-06 16:39,3.9
108,서울,2024-12-06 16:40,3.9
108,서울,2024-12-06 16:41,3.9
108,서울,2024-12-06 16:42,3.9
108,서울,2024-12-06 16:43,3.9
108,서울,2024-12-06 16:44,3.9
108,서울,2024-12-06 16:45,3.9
108,서울,2024-12-06 16:46,3.9
108,서울,2024-12-06 16:47,3.9
108,서울,2024-12-06 16:48,3.9
108,서울,2024-12-06 16:49,3.8
108,서울,2024-12-06 16:50,3.8
108,서울,2024-12-06 16:51,3.8
108,서울,2024-12-06 16:52,3.7
108,서울,2024-12-06 16:53,3.7
108,서울,2024-12-06 16:54,3.7
108,서울,2024-12-06 16:55,3.7
108,서울,2024-12-06 16:56,3.6
108,서울,2024-12-06 16:57,3.6
108,서울,2024-12-06 16:58,3.6
108,서울,2024-12-06 16:59,3.6
108,서울,2024-12-06 17:00,3.6
108,서울,2024-12-06 17:01,3.5
108,서울,2024-12-06 17:02,3.5
108,서울,2024-12-06 17:03,3.5
108,서울,2024-12-06 17:04,3.5
108,서울,2024-12-06 17:05,3.5
108,서울,2024-12-06 17:06,3.5
108,서울,2024-12-06 17:07,3.4
108,서울,2024-12-06 17:08,3.4
108,서울,2024-12-06 17:09,3.4
108,서울,2024-12-06 17:10,3.4
108,서울,2024-12-06 17:11,3.4
108,서울,2024-12-06 17:12,3.4
108,서울,2024-12-06 17:13,3.3
108,서울,2024-12-06 17:14,3.3
108,서울,2024-12-06 17:15,3.3
108,서울,2024-12-06 17:16,3.3
108,서울,2024-12-06 17:17,3.3
108,서울,2024-12-06 17:18,3.3
108,서울,2024-12-06 17:19,3.2
108,서울,2024-12-06 17:20,3.2
108,서울,2024-12-06 17:21,3.2
108,서울,2024-12-06 17:22,3.2
108,서울,2024-12-06 17:23,3.2
108,서울,2024-12-06 17:24,3.2
108,서울,2024-12-06 17:25,3.2
108,서울,2024-12-06 17:26,3.1
108,서울,2024-12-06 17:27,3.1
108,서울,2024-12-06 17:28,3.1
108,서울,2024-12-06 17:29,3.1
108,서울,2024-12-06 17:30,3.1
108,서울,2024-12-06 17:31,3.1
108,서울,2024-12-06 17:32,3.1
108,서울,2024-12-06 17:33,3.1
108,서울,2024-12-06 17:34,3
108,서울,2024-12-06 17:35,3
108,서울,2024-12-06 17:36,3
108,서울,2024-12-06 17:37,3
108,서울,2024-12-06 17:38,3
108,서울,2024-12-06 17:39,3
108,서울,2024-12-06 17:40,3
108,서울,2024-12-06 17:41,3
108,서울,2024-12-06 17:42,2.9
108,서울,2024-12-06 17:43,2.9
108,서울,2024-12-06 17:44,2.9
108,서울,2024-12-06 17:45,2.9
108,서울,2024-12-06 17:46,2.9
108,서울,2024-12-06 17:47,2.8
108,서울,2024-12-06 17:48,2.8
108,서울,2024-12-06 17:49,2.8
108,서울,2024-12-06 17:50,2.8
108,서울,2024-12-06 17:51,2.8
108,서울,2024-12-06 17:52,2.8
108,서울,2024-12-06 17:53,2.8
108,서울,2024-12-06 17:54,2.7
108,서울,2024-12-06 17:55,2.7
108,서울,2024-12-06 17:56,2.7
108,서울,2024-12-06 17:57,2.7
108,서울,2024-12-06 17:58,2.7
108,서울,2024-12-06 17:59,2.7
108,서울,2024-12-06 18:00,2.7
108,서울,2024-12-06 18:01,2.7
108,서울,2024-12-06 18:02,2.7
108,서울,2024-12-06 18:03,2.6
108,서울,2024-12-06 18:04,2.6
108,서울,2024-12-06 18:05,2.6
108,서울,2024-12-06 18:06,2.6
108,서울,2024-12-06 18:07,2.6
108,서울,2024-12-06 18:08,2.6
108,서울,2024-12-06 18:09,2.5
108,서울,2024-12-06 18:10,2.5
108,서울,2024-12-06 18:11,2.5
108,서울,2024-12-06 18:12,2.5
108,서울,2024-12-06 18:13,2.5
108,서울,2024-12-06 18:14,2.4
108,서울,2024-12-06 18:15,2.4
108,서울,2024-12-06 18:16,2.4
108,서울,2024-12-06 18:17,2.4
108,서울,2024-12-06 18:18,2.4
108,서울,2024-12-06 18:19,2.4
108,서울,2024-12-06 18:20,2.4
108,서울,2024-12-06 18:21,2.4
108,서울,2024-12-06 18:22,2.4
108,서울,2024-12-06 18:23,2.4
108,서울,2024-12-06 18:24,2.5
108,서울,2024-12-06 18:25,2.5
108,서울,2024-12-06 18:26,2.4
108,서울,2024-12-06 18:27,2.5
108,서울,2024-12-06 18:28,2.5
108,서울,2024-12-06 18:29,2.5
108,서울,2024-12-06 18:30,2.4
108,서울,2024-12-06 18:31,2.4
108,서울,2024-12-06 18:32,2.4
108,서울,2024-12-06 18:33,2.4
108,서울,2024-12-06 18:34,2.4
108,서울,2024-12-06 18:35,2.3
108,서울,2024-12-06 18:36,2.3
108,서울,2024-12-06 18:37,2.3
108,서울,2024-12-06 18:38,2.3
108,서울,2024-12-06 18:39,2.2
108,서울,2024-12-06 18:40,2.2
108,서울,2024-12-06 18:41,2.2
108,서울,2024-12-06 18:42,2.2
108,서울,2024-12-06 18:43,2.2
108,서울,2024-12-06 18:44,2.2
108,서울,2024-12-06 18:45,2.2
108,서울,2024-12-06 18:46,2.2
108,서울,2024-12-06 18:47,2.2
108,서울,2024-12-06 18:48,2.1
108,서울,2024-12-06 18:49,2.1
108,서울,2024-12-06 18:50,2.1
108,서울,2024-12-06 18:51,2.1
108,서울,2024-12-06 18:52,2.1
108,서울,2024-12-06 18:53,2
108,서울,2024-12-06 18:54,2
108,서울,2024-12-06 18:55,2
108,서울,2024-12-06 18:56,2
108,서울,2024-12-06 18:57,2
108,서울,2024-12-06 18:58,2
108,서울,2024-12-06 18:59,1.9
108,서울,2024-12-06 19:00,1.9
108,서울,2024-12-06 19:01,1.9
108,서울,2024-12-06 19:02,1.9
108,서울,2024-12-06 19:03,1.9
108,서울,2024-12-06 19:04,1.8
108,서울,2024-12-06 19:05,1.8
108,서울,2024-12-06 19:06,1.8
108,서울,2024-12-06 19:07,1.8
108,서울,2024-12-06 19:08,1.8
108,서울,2024-12-06 19:09,1.8
108,서울,2024-12-06 19:10,1.8
108,서울,2024-12-06 19:11,1.8
108,서울,2024-12-06 19:12,1.8
108,서울,2024-12-06 19:13,1.7
108,서울,2024-12-06 19:14,1.7
108,서울,2024-12-06 19:15,1.7
108,서울,2024-12-06 19:16,1.7
108,서울,2024-12-06 19:17,1.7
108,서울,2024-12-06 19:18,1.7
108,서울,2024-12-06 19:19,1.7
108,서울,2024-12-06 19:20,1.7
108,서울,2024-12-06 19:21,1.7
108,서울,2024-12-06 19:22,1.6
108,서울,2024-12-06 19:23,1.6
108,서울,2024-12-06 19:24,1.6
108,서울,2024-12-06 19:25,1.6
108,서울,2024-12-06 19:26,1.6
108,서울,2024-12-06 19:27,1.6
108,서울,2024-12-06 19:28,1.6
108,서울,2024-12-06 19:29,1.5
108,서울,2024-12-06 19:30,1.5
108,서울,2024-12-06 19:31,1.5
108,서울,2024-12-06 19:32,1.5
108,서울,2024-12-06 19:33,1.5
108,서울,2024-12-06 19:34,1.4
108,서울,2024-12-06 19:35,1.4
108,서울,2024-12-06 19:36,1.4
108,서울,2024-12-06 19:37,1.4
108,서울,2024-12-06 19:38,1.4
108,서울,2024-12-06 19:39,1.3
108,서울,2024-12-06 19:40,1.3
108,서울,2024-12-06 19:41,1.3
108,서울,2024-12-06 19:42,1.3
108,서울,2024-12-06 19:43,1.3
108,서울,2024-12-06 19:44,1.3
108,서울,2024-12-06 19:45,1.2
108,서울,2024-12-06 19:46,1.2
108,서울,2024-12-06 19:47,1.2
108,서울,2024-12-06 19:48,1.2
108,서울,2024-12-06 19:49,1.2
108,서울,2024-12-06 19:50,1.2
108,서울,2024-12-06 19:51,1.2
108,서울,2024-12-06 19:52,1.2
108,서울,2024-12-06 19:53,1.1
108,서울,2024-12-06 19:54,1.1
108,서울,2024-12-06 19:55,1.1
108,서울,2024-12-06 19:56,1.1
108,서울,2024-12-06 19:57,1.1
108,서울,2024-12-06 19:58,1.1
108,서울,2024-12-06 19:59,1.1
108,서울,2024-12-06 20:00,1.1
108,서울,2024-12-06 20:01,1.1
108,서울,2024-12-06 20:02,1.1
108,서울,2024-12-06 20:03,1.1
108,서울,2024-12-06 20:04,1.1
108,서울,2024-12-06 20:05,1.1
108,서울,2024-12-06 20:06,1.1
108,서울,2024-12-06 20:07,1.1
108,서울,2024-12-06 20:08,1
108,서울,2024-12-06 20:09,1
108,서울,2024-12-06 20:10,1
108,서울,2024-12-06 20:11,1
108,서울,2024-12-06 20:12,.9
108,서울,2024-12-06 20:13,.9
108,서울,2024-12-06 20:14,.9
108,서울,2024-12-06 20:15,.9
108,서울,2024-12-06 20:16,1
108,서울,2024-12-06 20:17,1
108,서울,2024-12-06 20:18,.9
108,서울,2024-12-06 20:19,.9
108,서울,2024-12-06 20:20,.9
108,서울,2024-12-06 20:21,.9
108,서울,2024-12-06 20:22,.9
108,서울,2024-12-06 20:23,.9
108,서울,2024-12-06 20:24,.9
108,서울,2024-12-06 20:25,.8
108,서울,2024-12-06 20:26,.8
108,서울,2024-12-06 20:27,.8
108,서울,2024-12-06 20:28,.8
108,서울,2024-12-06 20:29,.8
108,서울,2024-12-06 20:30,.8
108,서울,2024-12-06 20:31,.7
108,서울,2024-12-06 20:32,.7
108,서울,2024-12-06 20:33,.7
108,서울,2024-12-06 20:34,.7
108,서울,2024-12-06 20:35,.8
108,서울,2024-12-06 20:36,.7
108,서울,2024-12-06 20:37,.7
108,서울,2024-12-06 20:38,.7
108,서울,2024-12-06 20:39,.7
108,서울,2024-12-06 20:40,.7
108,서울,2024-12-06 20:41,.7
108,서울,2024-12-06 20:42,.7
108,서울,2024-12-06 20:43,.7
108,서울,2024-12-06 20:44,.7
108,서울,2024-12-06 20:45,.8
108,서울,2024-12-06 20:46,.8
108,서울,2024-12-06 20:47,.8
108,서울,2024-12-06 20:48,.8
108,서울,2024-12-06 20:49,.8
108,서울,2024-12-06 20:50,.8
108,서울,2024-12-06 20:51,.7
108,서울,2024-12-06 20:52,.7
108,서울,2024-12-06 20:53,.7
108,서울,2024-12-06 20:54,.7
108,서울,2024-12-06 20:55,.7
108,서울,2024-12-06 20:56,.7
108,서울,2024-12-06 20:57,.7
108,서울,2024-12-06 20:58,.7
108,서울,2024-12-06 20:59,.7
108,서울,2024-12-06 21:00,.7
108,서울,2024-12-06 21:01,.7
108,서울,2024-12-06 21:02,.7
108,서울,2024-12-06 21:03,.7
108,서울,2024-12-06 21:04,.7
108,서울,2024-12-06 21:05,.7
108,서울,2024-12-06 21:06,.8
108,서울,2024-12-06 21:07,.7
108,서울,2024-12-06 21:08,.7
108,서울,2024-12-06 21:09,.7
108,서울,2024-12-06 21:10,.7
108,서울,2024-12-06 21:11,.7
108,서울,2024-12-06 21:12,.7
108,서울,2024-12-06 21:13,.7
108,서울,2024-12-06 21:14,.6
108,서울,2024-12-06 21:15,.6
108,서울,2024-12-06 21:16,.6
108,서울,2024-12-06 21:17,.6
108,서울,2024-12-06 21:18,.6
108,서울,2024-12-06 21:19,.6
108,서울,2024-12-06 21:20,.5
108,서울,2024-12-06 21:21,.5
108,서울,2024-12-06 21:22,.5
108,서울,2024-12-06 21:23,.5
108,서울,2024-12-06 21:24,.5
108,서울,2024-12-06 21:25,.5
108,서울,2024-12-06 21:26,.4
108,서울,2024-12-06 21:27,.4
108,서울,2024-12-06 21:28,.4
108,서울,2024-12-06 21:29,.4
108,서울,2024-12-06 21:30,.4
108,서울,2024-12-06 21:31,.4
108,서울,2024-12-06 21:32,.4
108,서울,2024-12-06 21:33,.4
108,서울,2024-12-06 21:34,.4
108,서울,2024-12-06 21:35,.4
108,서울,2024-12-06 21:36,.4
108,서울,2024-12-06 21:37,.3
108,서울,2024-12-06 21:38,.3
108,서울,2024-12-06 21:39,.3
108,서울,2024-12-06 21:40,.3
108,서울,2024-12-06 21:41,.3
108,서울,2024-12-06 21:42,.3
108,서울,2024-12-06 21:43,.3
108,서울,2024-12-06 21:44,.3
108,서울,2024-12-06 21:45,.3
108,서울,2024-12-06 21:46,.3
108,서울,2024-12-06 21:47,.3
108,서울,2024-12-06 21:48,.3
108,서울,2024-12-06 21:49,.3
108,서울,2024-12-06 21:50,.3
108,서울,2024-12-06 21:51,.3
108,서울,2024-12-06 21:52,.3
108,서울,2024-12-06 21:53,.3
108,서울,2024-12-06 21:54,.4
108,서울,2024-12-06 21:55,.4
108,서울,2024-12-06 21:56,.4
108,서울,2024-12-06 21:57,.4
108,서울,2024-12-06 21:58,.4
108,서울,2024-12-06 21:59,.4
108,서울,2024-12-06 22:00,.4
108,서울,2024-12-06 22:01,.4
108,서울,2024-12-06 22:02,.4
108,서울,2024-12-06 22:03,.4
108,서울,2024-12-06 22:04,.4
108,서울,2024-12-06 22:05,.4
108,서울,2024-12-06 22:06,.3
108,서울,2024-12-06 22:07,.3
108,서울,2024-12-06 22:08,.3
108,서울,2024-12-06 22:09,.3
108,서울,2024-12-06 22:10,.2
108,서울,2024-12-06 22:11,.2
108,서울,2024-12-06 22:12,.2
108,서울,2024-12-06 22:13,.2
108,서울,2024-12-06 22:14,.2
108,서울,2024-12-06 22:15,.2
108,서울,2024-12-06 22:16,.1
108,서울,2024-12-06 22:17,.1
108,서울,2024-12-06 22:18,.1
108,서울,2024-12-06 22:19,.1
108,서울,2024-12-06 22:20,.1
108,서울,2024-12-06 22:21,0
108,서울,2024-12-06 22:22,0
108,서울,2024-12-06 22:23,0
108,서울,2024-12-06 22:24,0
108,서울,2024-12-06 22:25,0
108,서울,2024-12-06 22:26,0
108,서울,2024-12-06 22:27,0
108,서울,2024-12-06 22:28,0
108,서울,2024-12-06 22:29,0
108,서울,2024-12-06 22:30,0
108,서울,2024-12-06 22:31,0
108,서울,2024-12-06 22:32,0
108,서울,2024-12-06 22:33,-.1
108,서울,2024-12-06 22:34,-.1
108,서울,2024-12-06 22:35,-.1
108,서울,2024-12-06 22:36,0
108,서울,2024-12-06 22:37,0
108,서울,2024-12-06 22:38,-.1
108,서울,2024-12-06 22:39,-.1
108,서울,2024-12-06 22:40,-.1
108,서울,2024-12-06 22:41,-.1
108,서울,2024-12-06 22:42,-.1
108,서울,2024-12-06 22:43,-.1
108,서울,2024-12-06 22:44,-.1
108,서울,2024-12-06 22:45,-.1
108,서울,2024-12-06 22:46,-.1
108,서울,2024-12-06 22:47,-.1
108,서울,2024-12-06 22:48,-.1
108,서울,2024-12-06 22:49,-.1
108,서울,2024-12-06 22:50,-.1
108,서울,2024-12-06 22:51,-.1
108,서울,2024-12-06 22:52,-.1
108,서울,2024-12-06 22:53,-.1
108,서울,2024-12-06 22:54,-.1
108,서울,2024-12-06 22:55,-.1
108,서울,2024-12-06 22:56,-.1
108,서울,2024-12-06 22:57,-.1
108,서울,2024-12-06 22:58,-.1
108,서울,2024-12-06 22:59,-.1
108,서울,2024-12-06 23:00,-.1
108,서울,2024-12-06 23:01,-.1
108,서울,2024-12-06 23:02,-.1
108,서울,2024-12-06 23:03,-.1
108,서울,2024-12-06 23:04,-.1
108,서울,2024-12-06 23:05,-.1
108,서울,2024-12-06 23:06,-.1
108,서울,2024-12-06 23:07,-.1
108,서울,2024-12-06 23:08,-.1
108,서울,2024-12-06 23:09,-.1
108,서울,2024-12-06 23:10,-.1
108,서울,2024-12-06 23:11,-.1
108,서울,2024-12-06 23:12,-.1
108,서울,2024-12-06 23:13,-.1
108,서울,2024-12-06 23:14,-.1
108,서울,2024-12-06 23:15,-.1
108,서울,2024-12-06 23:16,-.1
108,서울,2024-12-06 23:17,-.1
108,서울,2024-12-06 23:18,-.1
108,서울,2024-12-06 23:19,-.1
108,서울,2024-12-06 23:20,-.1
108,서울,2024-12-06 23:21,-.1
108,서울,2024-12-06 23:22,-.1
108,서울,2024-12-06 23:23,-.2
108,서울,2024-12-06 23:24,-.2
108,서울,2024-12-06 23:25,-.2
108,서울,2024-12-06 23:26,-.2
108,서울,2024-12-06 23:27,-.2
108,서울,2024-12-06 23:28,-.2
108,서울,2024-12-06 23:29,-.3
108,서울,2024-12-06 23:30,-.3
108,서울,2024-12-06 23:31,-.3
108,서울,2024-12-06 23:32,-.3
108,서울,2024-12-06 23:33,-.3
108,서울,2024-12-06 23:34,-.3
108,서울,2024-12-06 23:35,-.3
108,서울,2024-12-06 23:36,-.3
108,서울,2024-12-06 23:37,-.3
108,서울,2024-12-06 23:38,-.3
108,서울,2024-12-06 23:39,-.3
108,서울,2024-12-06 23:40,-.3
108,서울,2024-12-06 23:41,-.3
108,서울,2024-12-06 23:42,-.3
108,서울,2024-12-06 23:43,-.3
108,서울,2024-12-06 23:44,-.3
108,서울,2024-12-06 23:45,-.3
108,서울,2024-12-06 23:46,-.3
108,서울,2024-12-06 23:47,-.3
108,서울,2024-12-06 23:48,-.3
108,서울,2024-12-06 23:49,-.3
108,서울,2024-12-06 23:50,-.3
108,서울,2024-12-06 23:51,-.3
108,서울,2024-12-06 23:52,-.4
108,서울,2024-12-06 23:53,-.4
108,서울,2024-12-06 23:54,-.4
108,서울,2024-12-06 23:55,-.4
108,서울,2024-12-06 23:56,-.4
108,서울,2024-12-06 23:57,-.4
108,서울,2024-12-06 23:58,-.4
108,서울,2024-12-06 23:59,-.4
108,서울,2024-12-07 00:00,-.4
