,names,code,change_price
0,보원케미칼,0010F0,-610
1,교보20호스팩,0132G0,-10
2,인벤테라,0007J0,-10000
3,신한제17호스팩,0130D0,-25
4,리센스메디컬,394420,3650
5,엔에이치스팩33호,0130H0,-645
6,메쥬,0088M0,-9250
7,한패스,408470,-11050
8,아이엠바이오로직스,493280,-54900
9,카나프테라퓨틱스,0082N0,-13300
10,액스비스,0011A0,-25400
11,에스팀,458350,-24610
12,케이뱅크,279570,-2080
13,덕양에너젠,0001A0,-18410
14,삼성스팩13호,0115H0,-5180
15,엔비알모션,0004V0,210
16,지에프아이,493330,-2030
17,삼미금속,12210,4790
18,세미파이브,490470,1500
19,리브스메드,491000,11100
20,미래에셋비전스팩10호,0097F0,20
21,미래에셋비전스팩11호,0099W0,19
22,삼진식품,0013V0,-5630
23,엔더블유시,59180,35
24,하나36호스팩,0101C0,18
25,IBKS제25호스팩,0099X0,120
26,알지노믹스,476830,38500
27,나라스페이스테크놀로지,478340,4800
28,아크릴,0007C0,4200
29,메리츠제1호스팩,0088D0,215
30,티엠씨,217590,8850
31,교보19호스팩,0098T0,40
32,쿼드메디슨,464490,-1350
33,키움히어로제1호스팩,466690,53
34,유진스팩12호,0105P0,20
35,이지스,261520,-2410
36,페스카로,0015S0,-1020
37,테라뷰,950250,-2920
38,엔에이치스팩32호,0054V0,61
39,에임드바이오,0009K0,-7150
40,미래에셋비전스팩9호,0096D0,10
41,삼성스팩12호,0096B0,0
42,미래에셋비전스팩8호,0093G0,26
43,아로마티카,0015N0,-210
44,삼성에피스홀딩스,0126Z0,-168000
45,삼양바이오팜,0120G0,23800
46,신영스팩11호,0091W0,40
47,비엔케이제3호스팩,0068Y0,29
48,비츠로넥스텍,488900,-1890
49,씨엠티엑스,388210,24100
50,더핑크퐁컴퍼니,403850,-7410
51,아이엘로보틱스,403810,-880
52,그린광학,0015G0,13520
53,알트,459550,-1175
54,세나테크놀로지,61090,-5550
55,큐리오시스,494120,2000
56,이노테크,469610,-6850
57,노타,486990,-23250
58,삼익제약,14950,-4020
59,명인제약,317450,-4300
60,KB제33호스팩,0072Z0,16
61,삼성스팩11호,0071M0,25
62,에스투더블유,488280,-13860
63,오아,342870,-1380
64,본시스템즈,496320,707700
65,그래피,318060,7900
66,애드포러스,397810,-1380
67,삼성스팩10호,0044K0,55
68,제이피아이헬스케어,0010V0,-2790
69,한라캐스트,125490,-6350
70,에스엔시스,0008Z0,1950
71,삼양컴텍,484590,-1410
72,교보18호스팩,0041B0,15
73,지투지바이오,456160,7600
74,아이티켐,309710,-11550
75,하나35호스팩,0041L0,5
76,대한조선,439260,21200
77,프로티나,468530,-43300
78,엔알비,475230,6710
79,뉴로핏,380550,-2350
80,도우인시스,484120,-7090
81,디비금융제14호스팩,0004Y0,40
82,엘에스스팩1호,0041J0,15
83,아우토크립트,331740,-2590
84,대신밸류리츠,0030R0,-195
85,뉴키즈온,462310,-1385
86,싸이닉솔루션,234030,-2260
87,KB제32호스팩,0037T0,20
88,뉴엔AI,463020,-3370
89,지에프씨생명과학,388610,-5550
90,케이지에이,455180,-330
91,지씨지놈,340450,730
92,링크솔루션,474650,4800
93,키스트론,475430,-425
94,신한제16호스팩,496070,15
95,인투셀,287840,-14500
96,달바글로벌,483650,25800
97,바이오비쥬,489460,-4730
98,이뮨온시아,424870,-4423
99,바이오포트,188040,-2380
100,티씨머티리얼즈,125020,1050
101,로킷헬스케어,376900,29000
102,오가노이드사이언스,476040,-14150
103,원일티엔아이,136150,-1570
104,나우로보틱스,459510,-700
105,에이아이코리아,364950,-1640
106,쎄크,81180,-3450
107,한국피아이엠,448900,36100
108,에이유브랜즈,481070,-4730
109,우양에이치씨,101970,640
110,더즌,462860,-545
111,심플랫폼,444530,-1480
112,티엑스알로보틱스,484810,110
113,한텍,98070,13350
114,한화플러스제5호스팩,498390,30
115,씨케이솔루션,480370,-805
116,서울보증보험,31210,-700
117,에스엠씨지,460870,-710
118,엠디바이스,226590,10140
119,대진첨단소재,393970,-1605
120,에르코스,435570,-5010
121,엘케이켐,489500,-4950
122,위너스,479960,-460
123,모티브링크,463480,-780
124,동국생명과학,303810,-390
125,오름테라퓨틱,475830,-27500
126,동방메디컬,240550,-1530
127,아이에스티이,212710,-1400
128,LG씨엔에스,64400,700
129,아이지넷,462980,340
130,피아이이,452450,-1750
131,삼양엔씨켐,482630,4700
132,데이원컴퍼니,373160,-185
133,아스테라시스,450950,-3290
134,와이즈넛,96250,-1580
135,미트박스,475460,-860
136,유안타제17호스팩,493790,20
137,블랙야크아이앤씨,478560,-320
138,오션스바이오,332190,-2249
139,엠에프씨,432980,-20
140,파인메딕스,387570,-1200
141,쓰리에이로직스,177900,-30
142,GS피앤엘,499790,3150
143,신한제14호스팩,487360,0
144,유비씨,495810,0
145,창대정밀,368030,0
146,듀켐바이오,176750,-400
147,키움제10호스팩,487720,-30
148,에스지헬스케어,398120,1065
149,온코닉테라퓨틱스,476060,1290
150,온코크로스,382150,-1650
151,벡트,457600,-335
152,엠앤씨솔루션,484870,-28500
153,셀로맥스사이언스,471820,-1820
154,KB제31호스팩,492220,45
155,키움제11호스팩,489480,0
156,KB발해인프라,415640,-70
157,디비금융제13호스팩,489730,30
158,교보17호스팩,489210,0
159,대신밸런스제19호스팩,482690,-20
160,위츠,459100,-1000
161,유디엠텍,389680,13
162,RF시스템즈,474610,6600
163,사이냅소프트,466410,-1640
164,하나34호스팩,484130,25
165,에스켐,475660,-110
166,엠오티,413390,1500
167,신한제15호스팩,487830,0
168,쓰리빌리언,394800,-5030
169,닷밀,464580,-520
170,노머스,473980,-10000
171,에어레인,163280,-735
172,토모큐브,475960,2250
173,더본코리아,475560,-3100
174,HEM파마,376270,15800
175,에이럭스,475580,980
176,탑런토탈솔루션,336680,-275
177,성우,458650,3010
178,유진스팩11호,488060,5
179,타조이엔터테인먼트,476710,550
180,클로봇,466100,-18550
181,에이치엔에스하이텍,44990,-240
182,웨이비스,289930,9190
183,씨메스,475400,-3500
184,한켐,457370,500
185,루미르,474170,4110
186,와이제이링크,209640,-295
187,인스피언,465480,-210
188,셀비온,308430,8000
189,제닉스로보틱스,381620,-3900
190,차이커뮤니케이션,351870,-1050
191,한화비전,489790,26450
192,KB제30호스팩,486630,30
193,아이언디바이스,464500,-355
194,미래에셋비전스팩7호,482680,15
195,아이비젼웍스,469750,-196
196,아이스크림미디어,461300,-1650
197,이엔셀,456070,-3220
198,M83,476080,-4540
199,티디에스팜,464280,-1420
200,넥스트바이오메디컬,389650,-15800
201,케이쓰리아이,431190,-1015
202,전진건설로봇,79900,19550
203,유라클,88340,-2070
204,교보16호스팩,482520,0
205,뱅크웨어글로벌,199480,-690
206,아이빔테크놀로지,460470,215
207,피앤에스로보틱스,460940,-4240
208,HS효성,487570,-1300
209,산일전기,62040,15700
210,엔에이치스팩31호,481890,-10
211,SK증권제13호스팩,473950,5
212,엑셀세라퓨틱스,373110,-315
213,이베스트스팩6호,478110,25
214,시프트업,462870,-2900
215,하스,450330,410
216,이노스페이스,462350,2200
217,신한글로벌액티브리츠,481850,-182
218,에이치브이엠,295310,15700
219,팡스카이,266350,0
220,하이젠알앤엠,160190,-21950
221,한국제15호스팩,479880,0
222,에스오에스랩,464080,-850
223,미래에셋비전스팩6호,478440,15
224,에이치엠씨제7호스팩,477340,20
225,파라다이스,34230,-1490
226,한중엔시에스,107640,7250
227,KB제29호스팩,478390,5
228,미래에셋비전스팩5호,477470,-25
229,씨어스테크놀로지,458870,5261
230,디비금융스팩12호,477760,100
231,라메디텍,462510,-1870
232,그리드위즈,453450,5220
233,다원넥스뷰,323350,7960
234,미래에셋비전스팩4호,477380,-20
235,노브랜드,145170,-75
236,아이씨티케이,456010,-2050
237,HD현대마린솔루션,443060,-7100
238,SK증권제12호스팩,473000,10
239,코칩,126730,3640
240,민테크,452200,-25
241,카티스,140430,-38
242,디앤디파마텍,347850,-14900
243,유안타제16호스팩,474490,25
244,제일엠앤에스,412540,0
245,삐아,451250,-1620
246,하나33호스팩,475250,0
247,신한제13호스팩,474930,-15
248,신한제12호스팩,474660,-10
249,아이엠비디엑스,461030,-3520
250,SK이터닉스,475150,38600
251,하나32호스팩,475240,0
252,엔젤로보틱스,455900,-3900
253,제이투케이바이오,420570,-1310
254,삼현,437730,-7850
255,오상헬스케어,36220,-3600
256,케이엔알시스템,199430,-3250
257,하나31호스팩,469900,0
258,SK증권제11호스팩,472230,15
259,유안타제15호스팩,473050,10
260,유진스팩10호,468760,-10
261,에이피알,278470,160000
262,E8,418620,-364
263,코셈,360350,8030
264,케이웨더,68100,-360
265,사피엔반도체,452430,-3500
266,에스피소프트,443670,-950
267,스튜디오삼익,415380,-205
268,신영스팩10호,472220,-5
269,폰드그룹,472850,-70
270,IBKS제24호스팩,469480,-40
271,레이저옵텍,199550,-1052
272,이닉스,452400,-2460
273,엘앤에프,66970,92500
274,포스뱅크,105760,60
275,현대힘스,460930,820
276,HB인베스트먼트,440290,-35
277,드림인사이트,362990,-308
278,대신밸런스제17호스팩,471050,-75
279,우진엔텍,457550,4300
280,세븐브로이맥주,267080,0
281,한빛레이저,452190,-515
282,포스코DX,22100,3150
283,DS단석,17860,750
284,IBKS제23호스팩,467930,-5
285,하나30호스팩,469880,20
286,씨싸이트,109670,-965
287,블루엠텍,439580,-1195
288,LS머트리얼즈,417200,7560
289,케이엔에스,432470,3870
290,교보15호스팩,465320,0
291,와이바이오로직스,338840,3700
292,에이텀,355690,2037
293,엔에이치스팩30호,466910,1370
294,에이에스텍,453860,-2910
295,그린리소스,402490,6540
296,제이엔비,452160,-2050
297,한선엔지니어링,452280,4560
298,동인기연,111380,270
299,에코아이,448280,-530
300,스톰테크,352090,155
301,에코프로머티,450080,23300
302,캡스톤파트너스,452300,1945
303,프로젠,296160,-1770
304,에스와이스틸텍,365330,590
305,에이직랜드,445090,-1950
306,한국제13호스팩,464440,-25
307,메가터치,446540,615
308,비아이매트릭스,413640,-2070
309,컨텍,451760,8490
310,큐로셀,372320,9800
311,쏘닉스,88280,3244
312,KB제27호스팩,464680,20
313,세니젠,188260,-124
314,파라택시스이더리움,290560,151
315,유진테크놀로지,240600,-580
316,유투바이오,221800,14495
317,퀄리타스반도체,432720,-30
318,미쥬,351020,-1970
319,워트,396470,-330
320,에스엘에스바이오,246250,0
321,신성에스티,416180,2750
322,퓨릿,445180,-630
323,바이오텐,289170,-395
324,에이치엠씨제6호스팩,462020,10
325,아이엠티,451220,2220
326,레뷰코퍼레이션,443250,-1640
327,두산로보틱스,454910,9200
328,신한제11호스팩,452980,10
329,한싹,430690,-1315
330,KT밀리의서재,418470,-440
331,인스웨이브,450520,-340
332,우듬지팜,403490,-308
333,코어라인소프트,384470,-1170
334,STX그린로지스,465770,460
335,상상인제4호스팩,452670,15
336,율촌,146060,44
337,한화플러스제4호스팩,455310,15
338,대신밸런스제16호스팩,457630,15
339,크라우드웍스,355390,-1070
340,시큐레터,418250,0
341,스마트레이더시스템,424960,-2120
342,넥스틸,92790,7350
343,캔버스엔,210120,284
344,코츠테크놀로지,448710,2800
345,큐리옥스바이오시스템즈,445680,-45200
346,NICE평가정보,30190,-1310
347,파두,440110,34450
348,엠아이큐브솔루션,373170,272
349,시지트로닉스,429270,2580
350,에피바이오텍,446440,-1130
351,조선내화,462520,370
352,에이엘티,172670,-1860
353,파로스아이바이오,388870,150
354,버넥트,438700,-110
355,뷰티스킨,406820,-2798
356,와이랩,432430,-1355
357,센서뷰,321370,1488
358,아이엠지티,456570,-8530
359,필에너지,378340,3110
360,이노시뮬레이션,274400,-390
361,알멕,354320,49300
362,오픈놀,440320,-490
363,아이티센피엔에스,232830,440
364,엔에이치스팩29호,451700,-150
365,가이아코퍼레이션,296520,73
366,비에이치,90460,7390
367,동국씨엠,460850,340
368,동국제강,460860,2280
369,프로티아,303360,-1065
370,큐라티스,348080,-389
371,마녀공장,439090,-2980
372,나라셀라,405920,275
373,진영,285800,462
374,이수스페셜티케미컬,457190,39800
375,OCI,456040,34400
376,기가비스,420770,53800
377,팸텍,271830,-342
378,모니터랩,434480,-655
379,시선AI,340810,375
380,큐라켐,456190,-200
381,지슨,446840,-467
382,트루엔,417790,-750
383,에스바이오메딕스,304360,-9000
384,슈어소프트테크,298830,-850
385,토마토시스템,393210,-1030
386,마이크로투나노,424980,4260
387,셀바이오휴먼텍,318160,-1470
388,SK오션플랜트,100090,6090
389,삼성FN리츠,448730,1215
390,현대그린푸드,453340,600
391,한화갤러리아,452260,1145
392,지아이이노베이션,358570,-3040
393,LB인베스트먼트,309960,-80
394,한화리츠,451800,1465
395,엑스게이트,356680,-530
396,금양그린파워,282720,4280
397,라온텍,418420,1130
398,자람테크놀로지,389020,9600
399,나노팀,417010,2230
400,바이오인프라,199730,-805
401,이노진,344860,-339
402,화인써키트,127980,-840
403,제이오,418550,1140
404,샌즈랩,411080,-800
405,꿈비,407400,-995
406,스튜디오미르,408900,-910
407,삼기에너지솔루션즈,419050,-124
408,오브젠,417860,-3550
409,미래반도체,254490,40
410,태양3C,52960,-195
411,티이엠씨,425040,5170
412,한주라이트메탈,198940,45
413,옵티코어,380540,1825
414,아이오바이오,447690,230
415,타이드,346010,572
416,신스틸,162300,-26
417,바이오노트,377740,-555
418,마이크로엔엑스,448780,-988
419,애니메디솔루션,390110,-1534
420,핑거스토리,417180,-405
421,SAMG엔터,419530,-7200
422,아하,102950,-438
423,인터로이드,311960,1
424,유니드비티플러스,446070,-375
425,펨트론,168360,5270
426,인벤티지랩,389470,-21400
427,엔젯,419080,-3960
428,유비온,84440,-2
429,티쓰리,204610,715
430,티에프이,425420,18850
431,윤성에프앤씨,372170,1150
432,디티앤씨알오,383930,1160
433,뉴로메카,348340,23000
434,제이아이테크,417500,1230
435,LX세미콘,108320,1000
436,큐알티,405100,1830
437,저스템,417840,1450
438,산돌,419120,-185
439,탈로스,434190,395
440,플라즈맵,405000,1350
441,핀텔,291810,-355
442,샤페론,378800,-38
443,비스토스,419540,-282
444,탑머티리얼,360070,-2800
445,에스비비테크,389500,14300
446,오에스피,368970,-14
447,모델솔루션,417970,-8100
448,이노룰스,296640,1330
449,파인엠텍,441270,-940
450,KB스타리츠,432320,-1105
451,선바이오,67370,-240
452,더블유씨피,393890,10750
453,알피바이오,314140,-1360
454,티엘엔지니어링,413300,-805
455,오픈엣지테크놀로지,394280,140
456,대성하이텍,129920,6975
457,쏘카,403550,-650
458,에이치와이티씨,148930,-75
459,새빗켐,107600,-750
460,수산인더스트리,126720,7900
461,아이씨에이치,368600,-344
462,성일하이텍,365340,23800
463,에이프릴바이오,397030,1900
464,퓨쳐메디신,341170,-940
465,벨로크,424760,269
466,루닛,328130,-4053
467,바스칸바이오제약,354390,0
468,HPSP,403870,11100
469,와이씨켐,112290,2300
470,코난테크놀로지,402030,-3400
471,넥스트칩,396270,445
472,레이저쎌,412350,6015
473,보로노이,310210,72000
474,위니아에이드,377460,0
475,비큐AI,148780,-250
476,범한퓨얼셀,382900,2250
477,코나솔,176590,-1305
478,청담글로벌,362320,-1315
479,마스턴프리미어리츠,357430,-232
480,가온칩스,399720,8200
481,대명에너지,389260,4450
482,포바이포,389140,1800
483,지투파워,388050,4070
484,씨피시스템,413630,-915
485,코람코더원리츠,417310,910
486,세아메카닉스,396300,1610
487,공구우먼,366030,-210
488,유일로보틱스,388720,3100
489,모아데이타,288980,361
490,메쎄이상,408920,310
491,노을,376930,-393
492,비씨엔씨,146320,-120
493,풍원정밀,371950,1150
494,스톤브릿지벤처스,330730,920
495,브이씨,365900,300
496,퓨런티어,370090,-4970
497,바이오에프디엔씨,251120,-2000
498,인카금융서비스,211050,-1310
499,나래나노텍,137080,1670
500,아셈스,136410,-2770
501,스코넥,276040,-1133
502,이지트로닉스,377330,-465
503,LG에너지솔루션,373220,51000
504,애드바이오텍,179530,765
505,케이옥션,102370,-410
506,코스텍시스템,169670,-1995
507,오토앤,353590,-805
508,아티스트스튜디오,200350,-830
509,라피치,403360,-1800
510,제이엠멀티,254160,540
511,신한서부티엔디리츠,404990,560
512,툴젠,199800,200
513,미래에셋글로벌리츠,396690,-260
514,켈스,402420,-1210
515,SK스퀘어,402340,176000
516,마음AI,377480,-4590
517,알비더블유,361570,14
518,NH올원리츠,400760,-10
519,NPX,222160,0
520,트윔,290090,-1510
521,아이티아이즈,372800,-635
522,지오엘리먼트,311320,180
523,SKAI,357880,1987
524,디어유,376300,-8950
525,지니너스,389030,1185
526,카카오페이,377300,2300
527,피코그램,376180,370
528,엔켐,348370,-27100
529,리파인,377450,-1240
530,지앤비에스 에코,382800,4275
531,아이패밀리에스씨,114840,-3740
532,차백신연구소,261780,440
533,지아이텍,382480,553
534,코닉오토메이션,391710,-545
535,케이카,381970,-5500
536,씨유테크,376290,-285
537,아스플로,159010,1550
538,원준,382840,980
539,실리콘투,257720,2300
540,에스앤디,260970,-15200
541,프롬바이오,377220,35
542,바이오플러스,99430,140
543,HD현대중공업,329180,-29000
544,SK리츠,395400,560
545,와이엠텍,273640,-810
546,에이비온,203400,-1110
547,라이콤,388790,3055
548,일진하이솔루스,271940,2270
549,디앤디플랫폼리츠,377190,-300
550,바이젠셀,308080,-5140
551,아주스틸,139990,-125
552,롯데렌탈,89860,2400
553,브레인즈컴퍼니,99390,-1070
554,딥노이드,315640,165
555,한컴라이프케어,372910,-615
556,엠로,58970,-12400
557,플래티어,367000,-270
558,원티드랩,376980,-170
559,크래프톤,259960,-10500
560,HK이노엔,195940,-1500
561,PI첨단소재,178920,7650
562,카카오뱅크,323410,3350
563,에브리봇,270660,-6400
564,비트맥스,377030,-989
565,큐라클,365270,5750
566,에스디바이오센서,137310,-880
567,오비고,352910,-880
568,엠씨넥스,97520,-6300
569,아모센스,357580,8900
570,타임기술,318660,-1445
571,이노뎁,303530,-1335
572,라온로보틱스,232680,240
573,이성씨엔아이,379390,-690
574,페니트리움바이오,187660,12320
575,에코프로에이치엔,383310,6700
576,LX홀딩스,383800,280
577,진시스템,363250,3085
578,한울앤제주,276730,-627
579,F&F,383220,700
580,삼영에스앤씨,361670,-335
581,샘씨엔에스,252990,2880
582,씨앤씨인터내셔널,352480,-6200
583,에이치피오,357230,-45
584,SK아이이테크놀로지,361610,-1050
585,쿠콘,294570,-1350
586,이삭엔지니어링,351330,-1400
587,해성에어로보틱스,59270,-140
588,엔시스,333620,-180
589,자이언트스텝,289220,-1635
590,제노코,361390,10630
591,스피어,347700,20360
592,SK바이오사이언스,302440,-6000
593,바이오다인,314930,-1630
594,네오이뮨텍,950220,-371
595,화승알앤에이,378850,70
596,싸이버원,356890,-705
597,프레스티지바이오로직스,334970,-865
598,나노씨엠에스,247660,-290
599,뷰노,338220,-6960
600,엑스플러스,373200,224
601,유일에너테크,340930,-608
602,씨이랩,189330,-510
603,오로스테크놀로지,322310,5300
604,피엔에이치테크,239890,205
605,모비데이즈,363260,-185
606,아이퀘스트,262840,-27
607,프레스티지바이오파마,950210,-4420
608,레인보우로보틱스,277810,95500
609,아티스트컴퍼니,321820,205
610,솔루엠,248070,1740
611,핑거,163730,930
612,모비릭스,348030,-480
613,씨앤투스,352700,-305
614,선진뷰티사이언스,86710,120
615,DL이앤씨,375500,54600
616,엔비티,236810,-357
617,파이버프로,368770,9900
618,나우코스,257990,2080
619,루트락,253610,-38
620,ESR켄달스퀘어리츠,365550,345
621,블리츠웨이엔터테인먼트,369370,-162
622,석경에이티,357550,-14900
623,지놈앤컴퍼니,314130,-1080
624,프리시젼바이오,335810,-390
625,알체라,347860,-556
626,하이딥,365590,-735
627,에프앤가이드,64850,16310
628,티엘비,356860,15600
629,인바이오,352940,-60
630,엔젠바이오,354200,203
631,퀀타매트릭스,317690,-1415
632,명신산업,9900,680
633,셀레스트라,352770,0
634,포인트모바일,318020,-590
635,앱코,129890,-23
636,엔에프씨,265740,2755
637,제일일렉트릭,199820,490
638,하나기술,299030,1500
639,에이플러스에셋,244920,1620
640,티앤엘,340570,4450
641,고바이오랩,348150,-340
642,네패스아크,330860,10690
643,교촌에프앤비,339770,-65
644,소룩스,290690,-1085
645,위드텍,348350,1210
646,센코,347000,-70
647,바이브컴퍼니,301300,-1045
648,원포유,122830,-785
649,롤링스톤,214610,-1265
650,피플바이오,304840,155
651,하이브,352820,-92000
652,넥스틴,348210,-900
653,케이엔솔,53080,-740
654,비나텍,126340,25800
655,씨엔알리서치,359090,-131
656,박셀바이오,323990,-2180
657,티와이홀딩스,363280,130
658,비비씨,318410,-750
659,코스텍시스,355150,7100
660,핌스,347770,565
661,압타머사이언스,291650,1150
662,이오플로우,294090,0
663,카카오게임즈,293490,-3230
664,피엔케이피부임상연구센타,347740,-340
665,코람코라이프인프라리츠,357120,240
666,아이디피,332370,130
667,셀레믹스,331920,13070
668,고스트스튜디오,950190,-600
669,젝시믹스,337930,-1170
670,영림원소프트랩,60850,-160
671,한국파마,32300,-2080
672,제이알글로벌리츠,348950,-1064
673,솔브레인,357780,150500
674,미래에셋맵스리츠,357250,-205
675,이지스레지던스리츠,350520,150
676,PS일렉트로닉스,332570,-1690
677,에코앤드림,101360,930
678,엠투아이,347890,-1220
679,더네이쳐홀딩스,298540,-580
680,제놀루션,225220,-134
681,솔트룩스,304100,-6550
682,바이오인프라생명과학,266470,-149
683,티에스아이,277880,170
684,에이프로,262260,-120
685,이지스밸류플러스리츠,334890,75
686,소마젠,950200,-615
687,신도기연,290520,586
688,위더스제약,330350,-200
689,에스케이바이오팜,326030,-24400
690,엠브레인,169330,53
691,젠큐릭스,229000,1006
692,무진메디,322970,1405
693,HB솔루션,297890,-195
694,넥사다이내믹스,351320,47
695,에스씨엠생명과학,298060,-173
696,휴럼,353190,-50
697,이지바이오,353810,1490
698,드림씨아이에스,223250,-1615
699,대덕전자,353200,41950
700,캐프,198080,625
701,플레이디,237820,-5
702,서울바이오시스,92190,900
703,제이앤티씨,204270,-4140
704,켄코아에어로스페이스,274090,1090
705,레몬,294140,-2365
706,서남,294630,1150
707,위세아이텍,65370,-340
708,케이씨씨글라스,344820,700
709,세림B&G,340440,580
710,CJ 바이오사이언스,311690,-1540
711,한국첨단소재,62970,2580
712,RF머트리얼즈,327260,67150
713,아이비김영,339950,559
714,파라택시스코리아,288330,-475
715,다보링크,340360,243
716,메드팩토,235980,-1510
717,원텍,336570,-1090
718,신테카바이오,226330,-740
719,제이엘케이,322510,930
720,태웅로직스,124560,145
721,윙스풋,335870,230
722,노드메이슨,317860,-400
723,리메드,302550,-5
724,NH프라임리츠,338100,295
725,타스컴,336040,1295
726,진코스텍,250030,1580
727,웨이버스,336060,44
728,유엑스엔,337840,-1790
729,HLB바이오스텝,278650,-211
730,씨티알모빌리티,308170,-3440
731,티움바이오,321550,3870
732,씨에스베어링,297090,1930
733,우양,103840,-195
734,코리아에셋투자증권,190650,1030
735,HD현대에너지솔루션,322000,113100
736,에스제이그룹,306040,-1430
737,제테마,216080,1130
738,한화시스템,272210,78000
739,라파스,214260,-3480
740,아이티엠반도체,84850,8170
741,일승,333430,-570
742,자이에스앤디,317400,150
743,미디어젠,279600,-780
744,LS티라유텍,322180,-2140
745,모코엠시스,333050,46
746,롯데리츠,330590,770
747,지누스,13890,-850
748,밸로프,331520,-60
749,캐리소프트,317530,-1055
750,한국미라클피플사,331660,-630
751,케이엔제이,272110,11500
752,엔바이오니아,317870,-1250
753,팜스빌,318010,95
754,두산퓨얼셀,336260,7200
755,라온피플,300120,-249
756,솔루스첨단소재,336370,2580
757,콘텐트리중앙,36420,-4050
758,아톤,158430,-60
759,녹십자웰빙,234690,3870
760,누보,332290,191
761,포커스에이아이,331380,-390
762,엔지브이아이,93510,-56
763,올리패스,244460,0
764,라닉스,317120,-349
765,한울반도체,320000,-572
766,한독크린텍,256150,-300
767,아퓨어스,149300,2
768,네오크레마,311390,-1600
769,마니커에프앤지,195500,-165
770,솔트웨어,328380,-4
771,나노실리칸첨단소재,286750,-566
772,에스피시스템스,317830,-3210
773,레이,228670,450
774,그린플러스,186230,-1300
775,코윈테크,282880,-1400
776,덕산테코피아,317330,920
777,KBG,318000,-160
778,엑스페릭스,317770,495
779,세경하이테크,148150,-590
780,캐리,313760,-821
781,대모,317850,1670
782,에이스토리,241840,-3200
783,플리토,300080,-5720
784,헥토파이낸셜,234340,10160
785,아이스크림에듀,289010,-219
786,펨토바이오메드,327610,-2315
787,펌텍코리아,251970,-10800
788,에이에프더블류,312610,-271
789,태성,323280,12200
790,압타바이오,293780,-2370
791,형지글로벌,308100,-703
792,마이크로디지탈,305090,-5120
793,코퍼스코리아,322780,-340
794,프로이천,321260,1030
795,포스코퓨처엠,3670,40600
796,수젠텍,253840,-1825
797,컴퍼니케이,307930,1990
798,피에스케이,319660,42700
799,현대무벡스,319400,6550
800,TS트릴리온,317240,7
801,이노벡스,279060,-92
802,아모그린텍,125210,2840
803,현대오토에버,307950,60000
804,지노믹트리,228760,-12640
805,이지케어텍,99750,-370
806,미래에셋벤처투자,100790,14360
807,드림텍,192650,-670
808,더블유게임즈,192080,-5950
809,에코프로비엠,247540,59800
810,셀리드,299660,-525
811,우리금융지주,316140,6100
812,천보,278280,5650
813,SCL사이언스,246960,-95
814,노랑풍선,104620,-1130
815,웹케시,53580,-1560
816,엘에이티,311060,270
817,에어부산,298690,435
818,비피도,238200,-215
819,유틸렉스,263050,-117
820,디케이티,290550,12260
821,아이엘,307180,1955
822,애니플러스,310200,-745
823,디와이씨,310870,508
824,위지윅스튜디오,299900,-206
825,조이웍스앤코,309930,-1051
826,국전약품,307750,250
827,에이비엘바이오,298380,-37800
828,머큐리,100590,6215
829,전진바이오팜,110020,-120
830,뉴트리,270870,-565
831,비투엔,307870,155
832,이노메트리,302430,-170
833,DH오토리드,290120,260
834,에코캡,128540,-21
835,원바이오젠,307280,150
836,윙입푸드,900340,-203
837,남화산업,111710,-435
838,엠아이텍,179290,-320
839,티로보틱스,117730,-2130
840,네오펙트,290660,354
841,에이펙스인텍,207490,220
842,티앤알바이오팹,246710,-525
843,아시아나IDT,267850,-900
844,디알젬,263690,-20
845,싸이토젠,217330,-5075
846,아주IB투자,27360,5160
847,디케이앤디,263020,235
848,프로브잇,227100,0
849,노바렉스,194700,-230
850,대보마그네틱,290670,-1030
851,노바텍,285490,-900
852,엘앤씨바이오,290650,7300
853,지아이에스,306620,765
854,로보티즈,108490,-24000
855,옵티팜,153710,100
856,에스퓨얼셀,288620,-1350
857,세아제강,306200,39300
858,나우IB,293580,249
859,푸드나무,290720,1634
860,하나제약,293480,-1530
861,크리스에프앤씨,110790,-125
862,더블유에스아이,299170,-520
863,한국비티비,219750,44
864,우진아이엔에스,10400,-365
865,엔피,291230,215
866,피엔티엠에스,257370,400
867,엔솔바이오사이언스,140610,480
868,디지캡,197140,-515
869,지니틱스,303030,31
870,액트로,290740,-1040
871,오파스넷,173130,1330
872,브이엠,89970,15500
873,바이오솔루션,86820,2870
874,더콘텐츠온,302920,-200
875,신한알파리츠,293940,330
876,디아이티,110990,4560
877,에스에스알,275630,1390
878,한일시멘트,300720,60
879,휴네시온,290270,-150
880,티웨이항공,91810,-469
881,롯데이노베이트,286940,1220
882,한국유니온제약,80720,0
883,그리티,204020,-55
884,알로이스,297570,560
885,올릭스,226950,25000
886,HS효성첨단소재,298050,34400
887,테크트랜스,258050,208
888,효성중공업,298040,1095000
889,효성티앤씨,298020,250000
890,효성화학,298000,0
891,아이큐어,175250,0
892,SV인베스트먼트,289080,1956
893,엘리비젼,276240,58
894,지앤이헬스케어,299480,-100
895,이리츠코크렙,88260,270
896,EDGC,245620,0
897,IPARK현대산업개발,294870,1850
898,카이노스메드,284620,0
899,파워넷,37030,3830
900,현대사료,16790,0
901,세종메디칼,258830,0
902,제노레이,122310,200
903,에스제이켐,217910,-138
904,JTC,950170,875
905,네오셈,253590,4110
906,케어랩스,263700,-485
907,애경산업,18250,1260
908,린드먼아시아,277070,-715
909,오스테오닉,226400,260
910,엔지켐생명과학,183490,-508
911,동구바이오제약,6620,-220
912,아시아종묘,154030,-25
913,알리코제약,260660,-1015
914,셀트리온,68270,-2800
915,카페24,42000,-5900
916,링크제니시스,219420,-1100
917,배럴,267790,-210
918,SG,255220,300
919,씨앤지하이테크,264660,690
920,쿠쿠홈시스,284740,50
921,SK케미칼,285130,-9100
922,시스웍,269620,0
923,디바이스,187870,13200
924,씨알푸드,236030,1180
925,레이크머티리얼즈,281740,5640
926,BGF리테일,282330,26900
927,DYP,92780,1050
928,진에어,272450,-360
929,씨티케이,260930,-790
930,메카로,241770,14250
931,에스트래픽,234300,-190
932,케이씨텍,281820,7750
933,체리부로,66360,445
934,대원,7680,-100
935,삼양패키징,272550,-1720
936,스튜디오드래곤,253450,-12600
937,코오롱티슈진,950160,27800
938,EMB,278990,-200
939,테이팩스,55490,3000
940,롯데웰푸드,280360,3800
941,탑선,180060,1760
942,영화테크,265560,2240
943,폴라리스세원,234100,-26
944,상신전자,263810,-280
945,야스,255440,990
946,인산가,277410,-90
947,휴엠앤씨,263920,10
948,신흥에스이씨,243840,3430
949,유티아이,179900,-4070
950,선익시스템,171090,32000
951,엠플러스,259630,4180
952,앱클론,174900,1400
953,펄어비스,263750,15800
954,킵스파마,256940,-3230
955,SK시그넷,260870,-710
956,덕우전자,263600,690
957,앱튼,270520,-118
958,케일럼,258610,72
959,알에스오토메이션,140670,-240
960,컬러레이,900310,-108
961,와이즈버즈,273060,96
962,모트렉스,118990,-870
963,데이타솔루션,263800,-520
964,지니언스,263860,-6300
965,디앤씨미디어,263720,-470
966,루켄테크놀러지스,162120,125
967,힘스,238490,-275
968,제일약품,271980,-1880
969,브이원텍,251630,-340
970,아우딘퓨쳐스,227610,-135
971,이녹스첨단소재,272290,7850
972,카카오,35720,-14400
973,오리온,271560,29300
974,하림지주,3380,3100
975,덴티스,261200,-405
976,메디안디노스틱,233250,-2890
977,나인테크,267320,40
978,에스알바이오텍,270210,-2270
979,레드우즈,266170,708
980,보라티알,250000,-250
981,매일유업,267980,1250
982,LK삼양,225190,420
983,이랜시스,264850,-1270
984,필옵틱스,161580,-6750
985,미원에스씨,268280,-12200
986,경동도시가스,267290,2100
987,넷마블,251270,750
988,HD건설기계,267270,65300
989,HD현대,267250,67800
990,HD현대일렉트릭,267260,180000
991,포인트엔지니어링,256630,-51
992,하나머티리얼즈,166090,15150
993,소프트캠프,258790,-152
994,와이엠티,251370,4070
995,크라운제과,264900,-140
996,AP시스템,265520,750
997,유에스티,263770,163
998,이엘피,63760,905
999,유비쿼스,264450,6310
1000,서진시스템,178320,19500
1001,코미코,183300,39300
1002,아스타,246720,-1800
1003,덴티움,145720,3500
1004,에스디생명공학,217480,0
1005,신신제약,2800,-380
1006,에프엔에스테크,83500,1900
1007,모바일어플라이언스,87260,276
1008,피씨엘,241820,0
1009,호전실업,111110,-640
1010,서플러스글로벌,140070,-280
1011,유바이오로직스,206650,1900
1012,도부,227420,-216
1013,한국비엔씨,256840,-825
1014,DSC인베스트먼트,241520,6740
1015,TS인베스트먼트,246690,318
1016,피엠티,147760,295
1017,바이오프로테크,199290,-52
1018,HLB펩,196300,-510
1019,유니온바이오메트릭스,203450,-80
1020,신라젠,215600,245
1021,자비스,254120,-184
1022,핸즈코퍼레이션,143210,-131
1023,티이엠씨씨엔에스,241790,510
1024,퓨쳐켐,220100,-10440
1025,뉴파워프라즈마,144960,-240
1026,엘앤케이바이오,156100,-5700
1027,핸디소프트,220180,-53
1028,두산밥캣,241560,12700
1029,삼성바이오로직스,207940,-112000
1030,클리오,237880,-1880
1031,오가닉티코스메틱,900300,-117
1032,얼라인드,238120,250
1033,세화피앤씨,252500,-12
1034,아이티센코어,243870,1400
1035,인크로스,216050,-150
1036,에이치엘사이언스,239610,-870
1037,코스메카코리아,241710,9300
1038,JW생명과학,234080,-30
1039,GRT,900290,1965
1040,안지오랩,251280,-60
1041,인텔리안테크,189300,46300
1042,에이치시티,72990,70
1043,잉글우드랩,950140,-210
1044,앤디포스,238090,1729
1045,수산아이앤티,50960,-630
1046,미투온,201490,-670
1047,화승엔터프라이즈,241590,-430
1048,예선테크,250930,8
1049,LS에코에너지,229640,9000
1050,스타에스엠리츠,204210,0
1051,유니테크노,241690,305
1052,모비스,250060,1215
1053,나무기술,242040,3953
1054,자이글,234920,0
1055,일동제약,249420,-11600
1056,헝셩그룹,900270,-1031
1057,샘표식품,248170,-750
1058,에코마케팅,230360,2090
1059,블루탑,191600,180
1060,두올,16740,835
1061,다산디엠씨,208860,-158
1062,우리손에프앤지,73560,145
1063,오건에코텍,212310,0
1064,알엔티엑스,123010,1
1065,제노텍,66830,201
1066,동서,26960,1750
1067,한국자산신탁,123890,245
1068,한국토지신탁,34830,298
1069,모아라이프플러스,142760,-640
1070,피앤씨테크,237750,685
1071,로스웰,900260,77
1072,씨앤에스링크,245450,-189
1073,해성디에스,195870,100
1074,에스티팜,237690,28300
1075,지씨셀,144510,-1750
1076,알엔투테크놀로지,148250,695
1077,이비테크,208850,-600
1078,이스트에이드,239340,-141
1079,휴온스,243070,-1500
1080,나눔테크,244880,-496
1081,KC산업,112190,-452
1082,모나용평,70960,-350
1083,해태제과식품,101530,-200
1084,원익IPS,240810,42100
1085,로보쓰리에이아이,238500,0
1086,레이언스,228850,840
1087,동양파일,228340,149
1088,삼일씨엔에스,4440,2000
1089,팬젠,222110,-430
1090,AP위성,211270,2300
1091,비유테크놀러지,230980,0
1092,큐리언트,115180,5300
1093,안트로젠,65660,-10000
1094,슈프리마,236200,6600
1095,제이에스코퍼레이션,194370,880
1096,유니트론텍,142210,-980
1097,크리스탈신소재,900250,-184
1098,메디젠휴먼케어,236340,230
1099,볼빅,206950,151
1100,이엠티,232530,6415
1101,더코디,224060,2840
1102,에스와이,109610,-35
1103,질경이,233990,-206
1104,잇츠한불,226320,-1610
1105,크로넥스,215570,-46
1106,사토시홀딩스,223310,-664
1107,와이씨,232140,3800
1108,육일씨엔에쓰,191410,-310
1109,휴젤,145020,20000
1110,한국맥널티,222980,-615
1111,덱스터,206560,-1745
1112,아진산업,13310,295
1113,HLB제약,47920,610
1114,강스템바이오텍,217730,1440
1115,에이원알폼,234070,-31
1116,메가엠디,133750,21
1117,HC보광산업,225530,1120
1118,파크시스템스,140860,22000
1119,에치에프알,230240,16420
1120,예스티,122640,6200
1121,코스맥스엔비티,222040,460
1122,멕아이씨에스,58110,1290
1123,원익피앤이,217820,-785
1124,세진중공업,75580,570
1125,하이즈항공,221840,375
1126,DXVX,180400,1430
1127,케이디켐,221980,-300
1128,네오오토,212560,-3800
1129,엔투텍,227950,147
1130,케어젠,214370,11800
1131,아이진,185490,-263
1132,나무가,190510,150
1133,시지메드텍,56090,930
1134,금호에이치티,214330,-125
1135,제주항공,89590,-210
1136,본느,226340,-32
1137,파마리서치바이오,217950,550
1138,럭스피아,92590,127
1139,노브메타파마,229500,-700
1140,엔케이젠바이오텍코리아,182400,0
1141,현대코퍼레이션홀딩스,227840,410
1142,엑시콘,92870,10660
1143,엄지하우스,224810,-326
1144,메디쎄이,200580,530
1145,케이엠제약,225430,19
1146,패션플랫폼,225590,54
1147,LIG넥스원,79550,482000
1148,넥슨게임즈,225570,-560
1149,제너셈,217190,390
1150,타이거일렉,219130,11350
1151,HDC랩스,39570,-230
1152,동일제강,2690,79
1153,휴먼테크놀로지,175140,-70
1154,씨아이에스,222080,5300
1155,에이텍모빌리티,224110,-730
1156,웹스,196700,-40
1157,AJ네트웍스,95570,535
1158,파인텍,131760,-119
1159,심텍,222800,17300
1160,흥국에프엔비,189980,9
1161,쎄노텍,222420,549
1162,칩스앤미디어,94360,-2440
1163,아시아경제,127710,539
1164,엔에스컴퍼니,224760,325
1165,아이쓰리시스템,214430,15400
1166,로지시스,67730,135
1167,플럼라인생명과학,222670,-355
1168,켐트로스,220260,-2410
1169,파마리서치,214450,-132000
1170,디와이디,219550,1065
1171,펩트론,87010,20500
1172,이노션,214320,-80
1173,토니모리,214420,-2580
1174,광동헬스바이오,86220,56
1175,로지스몬,223220,938
1176,미래에셋생명,85620,7100
1177,RFHIC,218410,56850
1178,동운아나텍,94170,-1150
1179,일월지엠엘,178780,-50
1180,헥토이노베이션,214180,2050
1181,경보제약,214390,1450
1182,인바이츠바이오코아,216400,-1230
1183,코아스템켐온,166480,615
1184,SK디앤디,210980,-760
1185,씨앗,103660,239
1186,베셀,177350,-160
1187,넵튠,217270,-1555
1188,미래생명자원,218150,175
1189,싸이맥스,160980,11560
1190,러셀,217500,560
1191,픽셀플러스,87600,-400
1192,선샤인푸드,217620,0
1193,HLB제넥스,187420,-75
1194,틸론,217880,-120
1195,우정바이오,215380,1450
1196,지에이이노더스,76340,-215
1197,토박스코리아,215480,163
1198,이노인스트루먼트,215790,2347
1199,우리산업,215360,180
1200,메가스터디교육,215200,3950
1201,썬테크,217320,12409
1202,솔디펜스,215090,310
1203,로보로보,215100,-1220
1204,디알텍,214680,-495
1205,에이비프로바이오,195990,-879
1206,골프존,215000,-6700
1207,클래시스,214150,-4400
1208,FSN,214270,115
1209,다이나믹디자인,145210,-471
1210,포시에스,189690,-139
1211,덕산네오룩스,213420,15600
1212,한솔제지,213500,550
1213,디와이파워,210540,1820
1214,국일신동,60480,70
1215,링크드,193250,-31
1216,바디텍메드,206640,-1860
1217,썸에이지,208640,-59
1218,에이팩트,200470,-390
1219,휴메딕스,200670,-7950
1220,서전기전,189860,2165
1221,아스트,67390,198
1222,오킨스전자,80580,9520
1223,지란지교시큐리티,208350,180
1224,포톤,208710,105
1225,NEW,160550,-449
1226,아이티센글로벌,124500,20800
1227,미래엔에듀파트너,208890,-97
1228,삼성물산,28260,57500
1229,녹십자엠에스,142280,-385
1230,디티앤씨,187220,670
1231,셀바스헬스케어,208370,-1365
1232,정다운,208140,-105
1233,하이로닉,149980,0
1234,랩지노믹스,84650,-614
1235,에이디테크놀로지,200710,17950
1236,비씨월드제약,200780,-1180
1237,미스터블루,207760,-430
1238,알테오젠,196170,-95500
1239,베노티앤알,206400,-473
1240,대창스틸,140520,105
1241,에프엔씨엔터,173940,-195
1242,휴마시스,205470,-224
1243,씨에스윈드,112610,26750
1244,텔콘RF제약,200230,-337
1245,지엘팜텍,204840,-58
1246,글로벌텍스프리,204620,350
1247,디에이테크놀로지,196490,0
1248,삼성에스디에스,18260,-26400
1249,아이케이세미콘,149010,-1160
1250,넥써쓰,205500,-638
1251,엑셈,205100,-232
1252,테고사이언스,191420,-3810
1253,슈피겐코리아,192440,4300
1254,영우디에스피,143540,334
1255,유니포인트,121060,30
1256,드림시큐리티,203650,181
1257,메디아나,41920,10280
1258,HL만도,204320,-14900
1259,데브시스터즈,194480,-10250
1260,아크솔루션스,203690,0
1261,오늘이엔엠,192410,6232
1262,강동씨앤엘,198440,98
1263,판도라티비,202960,-100
1264,서연이화,200880,320
1265,신화콘텍,187270,435
1266,쿠쿠홀딩스,192400,-1150
1267,파버나인,177830,-75
1268,덕신이피씨,90410,-32
1269,창해에탄올,4650,1020
1270,윈하이텍,192390,-155
1271,아진엑스텍,59120,2218
1272,콜마비앤에이치,200130,-1670
1273,화인베스틸,133820,7
1274,엣지파운드리,105550,-348
1275,큐엠씨,136660,80
1276,데이터스트림즈,199150,576
1277,코아시아씨엠,196450,551
1278,캐스텍코리아,71850,-43
1279,BGF,27410,1270
1280,나노,187790,25
1281,케이사인,192250,1050
1282,코스맥스,192820,8700
1283,오이솔루션,138080,26180
1284,한국정보인증,53300,-100
1285,다산솔루에타,154040,-40
1286,현대이지웰,90850,890
1287,위월드,140660,434
1288,코셋,189350,-59
1289,SGA솔루션즈,184230,-133
1290,대동고려삼,178600,-165
1291,기가레인,49080,1870
1292,알티캐스트,85810,-150
1293,종근당,185750,4500
1294,현대공업,170030,-510
1295,엔브이에이치코리아,67570,-25
1296,탑코미디어,134580,-547
1297,신송홀딩스,6880,630
1298,큐브엔터,182360,-4120
1299,라이온켐텍,171120,-105
1300,램테크놀러지,171010,-825
1301,앤로보틱스,138360,929
1302,아세아시멘트,183190,-690
1303,해성옵틱스,76610,920
1304,내츄럴엔도텍,168330,-735
1305,현대로템,64350,16600
1306,수프로,185190,20
1307,두산테스나,131970,34100
1308,파수,150900,-1025
1309,엘티씨,170920,7600
1310,지엔씨에너지,119850,2300
1311,한진칼,180640,-3300
1312,아미코젠,92040,97
1313,NHN,181710,7350
1314,GH신소재,130500,-100
1315,파이오링크,170790,1290
1316,KG에코솔루션,151860,940
1317,JB금융지주,175330,5750
1318,KT나스미디어,89600,-1520
1319,대주이엔티,114920,65
1320,머니무브,179720,2000
1321,태양기계,116100,74
1322,엑세스바이오,950130,-1410
1323,DSR,155660,580
1324,리가켐바이오,141080,17400
1325,동아에스티,170900,-3862
1326,윈팩,97800,-151
1327,코렌텍,104540,-1100
1328,제로투세븐,159580,-295
1329,한솔아이원스,114810,3480
1330,우리이앤엘,153490,79
1331,아이센스,99190,3840
1332,에코글로우,159910,68
1333,우리로,46970,6410
1334,디젠스,113810,-71
1335,지엠비코리아,13870,940
1336,와이엠씨,155650,-85
1337,LG헬로비전,37560,-10
1338,아바텍,149950,1490
1339,동일고무벨트,163560,580
1340,한국콜마,161890,13500
1341,한국타이어앤테크놀로지,161390,8000
1342,코이즈,121850,-900
1343,애경케미칼,161000,3400
1344,네이블,153460,4590
1345,노블엠앤비,106520,0
1346,피엔티,137400,12950
1347,사조씨푸드,14710,-1720
1348,비아트론,141000,2900
1349,빛샘전자,72950,5410
1350,한국ANKOR유전,152550,21
1351,휴비스,79980,520
1352,사람인,143240,2330
1353,제룡산업,147830,820
1354,남화토건,91590,155
1355,케이탑리츠,145270,-14
1356,메지온,140410,-10900
1357,원익머트리얼즈,104830,7900
1358,제이에스링크,127120,25400
1359,GS리테일,7070,2390
1360,나이스디앤비,130580,-510
1361,시큐브,131090,275
1362,서암기계공업,100660,-205
1363,인터지스,129260,80
1364,씨유메디칼,115480,-20
1365,삼양사,145990,-450
1366,키네마스터,139670,-755
1367,비덴트,121800,0
1368,신진에스엠,138070,-385
1369,이엠넷,123570,-45
1370,와이지엔터테인먼트,122870,-19200
1371,테크윙,89030,2100
1372,씨큐브,101240,-385
1373,에스엠코어,7820,80
1374,씨엔플러스,115530,59
1375,하나투어,39130,-7400
1376,로보스타,90360,-20000
1377,대한과학,131220,-180
1378,아이디스,143160,-70
1379,에이블씨엔씨,78520,1200
1380,제이씨케미칼,137950,1265
1381,아이씨디,40910,1445
1382,제닉,123330,11800
1383,BF랩스,139050,0
1384,삼원강재,23000,-85
1385,상아프론테크,89980,8110
1386,신세계인터내셔날,31430,1930
1387,에이리츠,140910,0
1388,나이벡,138610,-11900
1389,옵티시스,109080,9530
1390,대양전기공업,108380,-750
1391,한국항공우주,47810,83100
1392,롯데하이마트,71840,280
1393,서연탑메탈,19770,290
1394,한세엠케이,69640,24
1395,코오롱ENP,138490,6980
1396,넥스트아이,137940,-30
1397,티엔엔터테인먼트,131100,-32
1398,이마트,139480,14200
1399,iM금융지주,139130,2770
1400,케이티스카이라이프,53210,-25
1401,KX,122450,-625
1402,골프존홀딩스,121440,145
1403,메리츠금융지주,138040,4000
1404,윈스테크넷,136540,160
1405,하림,136480,180
1406,한국종합기술,23350,235
1407,이퓨쳐,134060,80
1408,티케이케미칼,104480,906
1409,BNK금융지주,138930,2720
1410,롯데에너지머티리얼즈,20150,19150
1411,부스타,8470,-20
1412,현대위아,11210,-500
1413,선진,136490,750
1414,미원화학,134380,24000
1415,나노신소재,121600,21050
1416,케이아이엔엑스,93320,-20700
1417,티피씨글로벌,130740,284
1418,LB세미콘,61970,-305
1419,딜리,131180,-78
1420,제이엔케이글로벌,126880,60
1421,블루콤,33560,395
1422,인트론바이오,48530,460
1423,시디즈,134790,-2200
1424,알서포트,131370,80
1425,인텍플러스,64290,10630
1426,티에스이,131290,54800
1427,한화엔진,82740,3700
1428,이브이첨단소재,131400,90
1429,대성에너지,117580,1280
1430,현대퓨처넷,126560,290
1431,대정화금,120240,840
1432,KTis,58860,115
1433,한전산업,130660,8110
1434,피제이메탈,128660,750
1435,옵투스제약,131030,3040
1436,에이루트,96690,-737
1437,엘브이엠씨,900140,136
1438,티비씨,33830,-2
1439,시그네틱스,33170,-55
1440,한국전자인증,41460,375
1441,BGF에코머티리얼즈,126600,530
1442,디케이락,105740,640
1443,위메이드플레이,123420,-790
1444,아나패스,123860,590
1445,KNN,58400,29
1446,누리플랜,69140,-950
1447,아이텍,119830,290
1448,인화정공,101930,3550
1449,셀피글로벌,68940,0
1450,뉴온,123840,-405
1451,미스토홀딩스,81660,1300
1452,알파칩스,117670,7060
1453,포메탈,119500,535
1454,KTcs,58850,-175
1455,다원시스,68240,60
1456,현대홈쇼핑,57050,23100
1457,씨젠,96530,-550
1458,와이솔,122990,1320
1459,하이비젼시스템,126700,260
1460,화신정공,126640,243
1461,코리아에프티,123410,-1020
1462,도화엔지니어링,2150,870
1463,엠에스오토텍,123040,45
1464,이글루,67920,980
1465,대성산업,128820,-240
1466,아이마켓코리아,122900,-410
1467,한미약품,128940,57000
1468,인터로조,119610,3810
1469,하이텍팜,106190,7510
1470,우진,105840,5830
1471,무학,33920,-100
1472,에스디시스템,121890,66
1473,알톤,123750,929
1474,유비벨록스,89850,50
1475,오르비텍,46120,6265
1476,이연제약,102460,-1160
1477,엑스큐어,70300,827
1478,투비소프트,79970,0
1479,한국화장품,123690,-3890
1480,에스제이엠,123700,-65
1481,인피니트헬스케어,71200,170
1482,서진오토모티브,122690,-1265
1483,인지소프트,100030,-2620
1484,HL홀딩스,60980,-4250
1485,삼성생명,32830,78200
1486,신세계푸드,31440,350
1487,이스트아시아홀딩스,900110,-418
1488,애머릿지,900100,-158
1489,케이씨에스,115500,-570
1490,씨엑스아이,900120,-144
1491,HLB테라퓨틱스,115450,367
1492,삼기,122350,195
1493,한화생명,88350,1525
1494,이미지스,115610,32
1495,조선선재,120030,2400
1496,인포바인,115310,6600
1497,케이이엠텍,106080,-595
1498,모베이스,101330,1420
1499,코오롱인더,120110,44900
1500,KC코트렐,119650,0
1501,지역난방공사,71320,-17600
1502,스타플렉스,115570,45
1503,우리넷,115440,5550
1504,아세아텍,50860,95
1505,영흥,12160,6
1506,폴라리스우노,114630,-32
1507,코디,80530,-283
1508,메타케어,118000,-80
1509,글로벌에스엠,900070,76
1510,DGI,99520,0
1511,그린생명과학,114450,-415
1512,디와이피엔에프,104460,800
1513,위메이드,112040,-6100
1514,한전기술,52690,76200
1515,셀바스AI,108860,550
1516,이원컴포텍,88290,-335
1517,강원에너지,114190,1100
1518,GKL,114090,-2550
1519,휴맥스,115160,-91
1520,앱토크롬,109960,-76
1521,SK,34730,95000
1522,동방선기,99410,165
1523,KS인더스트리,101000,289
1524,진매트릭스,109820,-470
1525,황금에스티,32560,210
1526,비츠로셀,82920,28730
1527,하이트진로,80,-850
1528,한스바이오메드,42520,4800
1529,동양생명,82640,2460
1530,NHN벅스,104200,910
1531,아이앤씨,52860,1845
1532,유니온머티리얼,47400,269
1533,케이엔더블유,105330,2790
1534,형지엘리트,93240,-1202
1535,디에스케이,109740,-2135
1536,제넥신,95700,-30
1537,톱텍,108230,100
1538,동국S&C,100130,430
1539,에스앤더블류,103230,-435
1540,키움증권,39490,151500
1541,영원무역,111770,3200
1542,컴투스홀딩스,63080,2810
1543,동일금속,109860,-440
1544,한미글로벌,53690,15140
1545,동아지질,28100,1200
1546,어보브반도체,102120,-1470
1547,위메이드맥스,101730,-1650
1548,이엔에프테크놀로지,102710,950
1549,스맥,99440,-1765
1550,SDN,99220,264
1551,한국정밀기계,101680,550
1552,HD현대마린엔진,71970,-4700
1553,흥국,10240,540
1554,우림피티에스,101170,-4520
1555,티플랙스,81150,625
1556,LX하우시스,108670,2550
1557,에스티오,98660,-28
1558,에이테크솔루션,71670,-2170
1559,에스앤에스텍,101490,46800
1560,뷰웍스,100120,6210
1561,코오롱생명과학,102940,9200
1562,엔시트론,101400,88
1563,한세실업,105630,-1530
1564,주성코퍼레이션,109070,568
1565,파인테크닉스,106240,933
1566,미원홀딩스,107590,-2600
1567,이수앱지스,86890,-680
1568,대성파인텍,104040,-51
1569,유비쿼스홀딩스,78070,5930
1570,메디톡스,86900,-20500
1571,엠게임,58630,-1490
1572,아이컴포넌트,59100,405
1573,NAVER,35420,-45000
1574,HLB생명과학,67630,105
1575,이크레더블,92130,-1400
1576,부국철강,26940,615
1577,KB금융,105560,35000
1578,세운메디칼,100700,410
1579,한국철강,104700,570
1580,마이크로컨텍솔,98120,12260
1581,이엠앤아이,83470,629
1582,일진전기,103590,22900
1583,풍산,103140,-7200
1584,LG이노텍,11070,112500
1585,아이엠,101390,0
1586,웰크론한텍,76080,48
1587,하이드로리튬,101670,-10
1588,슈프리마에이치큐,94840,1560
1589,명문제약,17180,-19
1590,서울옥션,63170,80
1591,이스트소프트,47560,-4410
1592,비상교육,100220,1340
1593,크레버스,96240,-1720
1594,동성케미컬,102260,160
1595,월덱스,101160,7700
1596,쎄트렉아이,99320,61700
1597,브리지텍,64480,-285
1598,고영,98460,200
1599,조이시티,67000,380
1600,우진비앤지,18620,-101
1601,테스,95610,29300
1602,예스24,53280,-245
1603,엘디티,96870,-400
1604,LG유플러스,32640,2980
1605,메타바이오메드,59210,-685
1606,효성오앤비,97870,210
1607,인바이오젠,101140,-2680
1608,아시아나항공,20560,-780
1609,SNT에너지,100840,26150
1610,진양홀딩스,100250,57
1611,한울소재과학,91440,0
1612,엔케이,85310,-6
1613,에코볼트,97780,-91
1614,에스코넥,96630,205
1615,일신바이오,68330,-232
1616,서원인텍,93920,-290
1617,이씨에스,67010,-190
1618,대창솔루션,96350,535
1619,한전KPS,51600,8800
1620,엑시온그룹,69920,-333
1621,알에프세미,96610,0
1622,디엔에프,92070,3600
1623,일진파워,94820,4210
1624,비엠티,86670,3040
1625,기신정기,92440,-70
1626,이엠코리아,95190,245
1627,KSS해운,44450,3760
1628,효성 ITX,94280,-240
1629,현우산업,92300,-250
1630,유나이티드,33270,1370
1631,케이알엠,93640,430
1632,디아이씨,92200,-6730
1633,에스에너지,95910,1051
1634,성우전자,81580,960
1635,엘엠에스,73110,335
1636,제이엠티,94970,810
1637,오디텍,80520,1590
1638,ISC,95340,137500
1639,네오티스,85910,13520
1640,미래나노텍,95500,-530
1641,상보,27580,-99
1642,CJ제일제당,97950,31500
1643,바이오톡스텍,86040,320
1644,팬오션,28670,1565
1645,옴니시스템,57540,35
1646,푸른기술,94940,920
1647,웨이브일렉트로,95270,3190
1648,HJ중공업,97230,4600
1649,빅솔론,93190,1980
1650,JW홀딩스,96760,660
1651,S&K폴리텍,91340,185
1652,SK이노베이션,96770,22500
1653,멤레이비티,72770,8
1654,갤럭시아머니트리,94480,-770
1655,에코프로,86520,58100
1656,대산F&B,65150,0
1657,컴투스,78340,4100
1658,네오위즈,95660,-1900
1659,삼성카드,29780,700
1660,앤씨앤,92600,934
1661,엔텔스,69410,360
1662,알루코,1780,440
1663,풍강,93380,45
1664,웅진씽크빅,95720,-156
1665,동국제약,86450,8520
1666,케이프,64820,1160
1667,상신이디피,91580,9670
1668,한라IMS,92460,-700
1669,에프알텍,73540,1795
1670,이엠텍,91120,-1790
1671,참좋은여행,94850,-1130
1672,네오리진,94860,362
1673,맵스리얼티,94800,1890
1674,LS증권,78020,2530
1675,매커스,93520,650
1676,나노캠텍,91970,-12
1677,네오팜,92730,-1820
1678,오스코텍,39200,9700
1679,켐트로닉스,89010,-1400
1680,제이스텍,90470,3010
1681,동아엘텍,88130,3455
1682,메타랩스,90370,-320
1683,후성,93370,3190
1684,휴온스글로벌,84110,1700
1685,케이씨티,89150,975
1686,파트론,91700,1050
1687,유니테스트,86390,1890
1688,휴림로봇,90710,2700
1689,LF,93050,7140
1690,에스에이티,60540,-127
1691,큐에스아이,66310,4730
1692,멀티캠퍼스,67280,-2850
1693,주연테크,44380,-64
1694,코스맥스비티아이,44820,3900
1695,코세스,89890,-850
1696,인천도시가스,34590,1650
1697,성창오토텍,80470,40
1698,넥스턴앤롤코리아,89140,-40
1699,제이티,89790,690
1700,아이윈,90150,38
1701,이녹스,88390,3320
1702,삼정펄프,9770,1500
1703,KEC,92220,717
1704,KPX홀딩스,92230,12300
1705,THE E&M,89230,1329
1706,바텍,43150,3130
1707,MDS테크,86960,-231
1708,HDC현대EP,89470,910
1709,루멘스,38060,109
1710,CSA 코스믹,83660,-225
1711,NICE인프라,63570,50
1712,쇼박스,86980,175
1713,팬엔터테인먼트,68050,-382
1714,인포뱅크,39290,-1075
1715,노루페인트,90350,290
1716,아모레퍼시픽,90430,5000
1717,스테이지원엔터,78860,-591
1718,동우팜투테이블,88910,345
1719,롯데관광개발,32350,-5440
1720,제이브이엠,54950,-1050
1721,평화산업,90080,32
1722,우진플라임,49800,670
1723,팅크웨어,84730,670
1724,신세계I&C,35510,2950
1725,진바이오텍,86060,820
1726,티케이지애강,22220,190
1727,진도,88790,595
1728,에이스테크,88800,2490
1729,맥쿼리인프라,88980,160
1730,롯데쇼핑,23530,38200
1731,셀트리온제약,68760,-5900
1732,GST,83450,1950
1733,에너토크,19990,1740
1734,제우스,79370,310
1735,뉴프렉스,85670,400
1736,유진테크,84370,40800
1737,CG인바이츠,83790,-122
1738,바이오니아,64550,-2250
1739,헬릭스미스,84990,3050
1740,인콘,83640,130
1741,차바이오텍,85660,2750
1742,현대글로비스,86280,37600
1743,대봉엘에스,78140,-1930
1744,와이엔텍,67900,330
1745,케이엠,83550,210
1746,티비에이치글로벌,84870,870
1747,수성웹툰,84180,-2016
1748,하나금융지주,86790,26100
1749,제일연마,1560,1380
1750,모다이노칩,80420,-239
1751,비에이치아이,83650,38300
1752,케스피온,79190,-154
1753,현대리바트,79430,490
1754,비보존 제약,82800,-1216
1755,자연과환경,43910,-153
1756,와토스코리아,79000,2660
1757,대한제강,84010,-920
1758,폴라리스오피스,41020,-425
1759,휴림에이텍,78590,-89
1760,서린바이오,38070,-360
1761,새론오토모티브,75180,-250
1762,그린케미칼,83420,-540
1763,가비아,79940,-5450
1764,덕산하이메탈,77360,6040
1765,아바코,83930,-210
1766,하나마이크론,67310,4350
1767,엘오티베큠,83310,-280
1768,코스나인,82660,0
1769,이상네트웍스,80010,-680
1770,대상홀딩스,84690,20
1771,코아스,71950,-1820
1772,메디포스트,78160,3820
1773,우리바이오,82850,-120
1774,모두투어,80160,890
1775,이월드,84680,306
1776,동양고속,84670,-32200
1777,한미반도체,42700,141500
1778,가온그룹,78890,160
1779,쏠리드,50890,9260
1780,동일산업,4890,-1450
1781,옵트론텍,82210,197
1782,젬백스,82270,-3550
1783,플랜티넷,75130,-210
1784,삼호개발,10960,280
1785,금호타이어,73240,430
1786,이노와이어리스,73490,18600
1787,인베니아,79950,-515
1788,동양이엔피,79960,2400
1789,제주반도체,80220,10450
1790,한창산업,79170,-90
1791,디이엔티,79810,1200
1792,iMBC,52220,-60
1793,서산,79650,16
1794,KX하이텍,52900,220
1795,손오공,66910,-50
1796,미래컴퍼니,49950,-4090
1797,아이크래프트,52460,1135
1798,CJ CGV,79160,-1090
1799,일진다이아,81000,1370
1800,메가스터디,72870,1480
1801,케이에스피,73010,-625
1802,KG모빌리언스,46440,425
1803,대주전자재료,78600,62800
1804,텔레칩스,54450,-3680
1805,HB테크놀러지,78150,370
1806,도이치모터스,67990,250
1807,유니드,14830,14900
1808,토비스,51360,200
1809,상신브레이크,41650,30
1810,국일제지,78130,-24
1811,DMS,68790,-1210
1812,인팩,23810,-1890
1813,시너지이노베이션,48870,-335
1814,신성델타테크,65350,-600
1815,GS,78930,16400
1816,유니퀘스트,77500,-630
1817,다스코,58730,480
1818,한국경제TV,39340,-585
1819,LG디스플레이,34220,830
1820,다날,64260,620
1821,텔코웨어,78000,2610
1822,형지I&C,11080,-465
1823,비케이홀딩스,50090,-68
1824,YBM넷,57030,-245
1825,CS,65770,1822
1826,아미노로직스,74430,5
1827,테라젠이텍스,66700,-225
1828,디에이피,66900,-472
1829,한양디지텍,78350,6650
1830,STX엔진,77970,-250
1831,동국알앤에스,75970,-85
1832,빛과전자,69540,4296
1833,듀오백,73190,-283
1834,삼진엘앤디,54090,235
1835,폴라리스AI파마,41910,510
1836,NICE,34310,610
1837,대교,19680,-369
1838,세진티에스,67770,40
1839,인티큐브,70590,-156
1840,리튬포어스,73570,-322
1841,테라사이언스,73640,0
1842,우주일렉트로,65680,-8950
1843,기업은행,24110,1600
1844,이엔플러스,74610,0
1845,SOOP,67160,-9400
1846,드림어스컴퍼니,60570,-234
1847,버킷스튜디오,66410,0
1848,원익QnC,74600,8700
1849,로체시스템즈,71280,-1130
1850,에스텍,69510,740
1851,오텍,67170,385
1852,키이스트,54780,-850
1853,현대에버다임,41440,1070
1854,한솔홈데코,25750,-99
1855,중앙백신,72020,-360
1856,휴비츠,65510,-1370
1857,우리산업홀딩스,72470,385
1858,디지털대성,68930,130
1859,이수페타시스,7660,-6600
1860,강원랜드,35250,-1400
1861,유아이디,69330,63
1862,티씨케이,64760,94900
1863,YG PLUS,37270,-2470
1864,아모텍,52710,9290
1865,농심홀딩스,72710,5600
1866,웰크론,65950,-172
1867,파워로직스,47310,480
1868,한국금융지주,71050,76500
1869,이엘씨,41520,3040
1870,유엔젤,72130,1015
1871,SBS,34120,-3640
1872,홈캐스트,64240,0
1873,씨씨에스,66790,0
1874,웹젠,69080,-850
1875,엔씨소프트,36570,23500
1876,하이스틸,71090,745
1877,대화제약,67080,-3860
1878,스모트로닉,66590,105
1879,JW신약,67290,-80
1880,하츠,66130,-170
1881,빅텍,65450,1820
1882,탑엔지니어링,65130,-135
1883,DSR제강,69730,1535
1884,이루온,65440,2883
1885,태경케미컬,6890,560
1886,재영솔루텍,49630,-2040
1887,한국큐빅,21650,-85
1888,인터플렉스,51370,1860
1889,삼영이엔씨,65570,0
1890,하이퍼코퍼레이션,65650,-98
1891,한성크린텍,66980,230
1892,리더스코스메틱,16100,-570
1893,한농화성,11500,6540
1894,케이피엠테크,42040,-79
1895,디티씨,66670,-690
1896,아이로보틱스,66430,187
1897,초록뱀미디어,47820,-480
1898,인크레더블버즈,64090,-509
1899,쎌바이오텍,49960,2090
1900,NE능률,53290,440
1901,테크엘,64520,-85
1902,현대백화점,69960,-4000
1903,KG이니시스,35600,480
1904,비엘팜텍,65170,1955
1905,대호에이엘,69460,-858
1906,대웅제약,69620,-15600
1907,플래스크,41590,0
1908,마니커,27740,21
1909,SNT홀딩스,36530,7500
1910,티케이지휴켐스,69260,-610
1911,새로닉스,42600,9230
1912,SJG세종,33530,-2850
1913,오리엔트정공,65500,-430
1914,에이전트AI,60900,-255
1915,국보디자인,66620,-450
1916,아이톡시,52770,-350
1917,에스아이리소스,65420,1
1918,포니링크,64800,-226
1919,포스코스틸리온,58430,9050
1920,폴라리스AI,39980,-387
1921,현대바이오,48410,8760
1922,삼성출판사,68290,-2230
1923,세이브존I&C,67830,-245
1924,에스피지,58610,24700
1925,토탈소프트,45340,-660
1926,교보증권,30610,3640
1927,서호전기,65710,-6300
1928,파커스,65690,286
1929,한샘,9240,-5900
1930,HC홈센타,60560,95
1931,서울리거,43710,51
1932,아비코전자,36010,2210
1933,큐렉소,60280,1100
1934,제이케이시냅스,60230,-60
1935,우원개발,46940,1225
1936,티사이언티픽,57680,-159
1937,인선이엔티,60150,-230
1938,와이어블,65530,1563
1939,SM Life Design,63440,-431
1940,우신시스템,17370,-450
1941,지어소프트,51160,-280
1942,지엔코,65060,-210
1943,셀루메드,49180,201
1944,KH바텍,60720,2170
1945,알에프텍,61040,-30
1946,에스폴리텍,50760,-40
1947,이랜텍,54210,1810
1948,ES큐브,50120,-250
1949,케이피티유,54410,-125
1950,3S,60310,-247
1951,LG전자,66570,27000
1952,화일약품,61250,-222
1953,오상자이엘,53980,-300
1954,콜마홀딩스,24720,-810
1955,농우바이오,54050,70
1956,케이엘넷,39420,125
1957,SNT모티브,64960,300
1958,에스티아이,39440,-1850
1959,잉크테크,49550,135
1960,대한뉴팜,54670,790
1961,씨티씨바이오,60590,-1005
1962,인탑스,49070,-3360
1963,LS마린솔루션,60370,50
1964,피씨디렉트,51380,25
1965,광주신세계,37710,5600
1966,구영테크,53270,300
1967,한국기업평가,34950,3700
1968,뉴보텍,60260,309
1969,동양에스텍,60380,-61
1970,백금T&A,46310,-530
1971,고려신용정보,49720,-120
1972,서울반도체,46890,4500
1973,아가방컴퍼니,13990,140
1974,한주에이알티,58450,-144
1975,미코,59090,680
1976,유신,54930,5150
1977,프럼파스트,35200,105
1978,한국컴퓨터,54040,435
1979,대동스틸,48470,665
1980,링네트,42500,360
1981,크레오에스지,40350,-304
1982,팬스타엔터프라이즈,54300,-114
1983,한빛소프트,47080,42
1984,일진디스플,20760,0
1985,NHN KCP,60250,1660
1986,CNT85,56730,-120
1987,금강철강,53260,2085
1988,스타코링크,60240,0
1989,동아화성,41930,-650
1990,비츠로시스,54220,123
1991,오리엔탈정공,14940,-790
1992,웰킵스하이텍,43590,67
1993,리노공업,58470,46900
1994,성우테크론,45300,70
1995,에스에프에이,56190,4000
1996,신화인터텍,56700,90
1997,엑사이엔씨,54940,71
1998,피에이치에이,43370,1260
1999,종근당바이오,63160,-1410
2000,APS,54620,4305
2001,코위버,56360,4990
2002,성호전자,43260,33650
2003,YW,51390,415
2004,삼영엠텍,54540,-2900
2005,이니텍,53350,-1445
2006,유진로봇,56080,8960
2007,태웅,44490,20550
2008,경남제약,53950,81
2009,삼보모터스,53700,-510
2010,한컴위드,54920,210
2011,코미팜,41960,880
2012,프리엠스,53160,2240
2013,코나아이,52400,11900
2014,메디콕스,54180,0
2015,더테크놀로지,43090,0
2016,비트플래닛,49470,-257
2017,지에스이,53050,425
2018,아이디스홀딩스,54800,4440
2019,코데즈컴바인,47770,1675
2020,안랩,53800,1000
2021,신한지주,55550,22100
2022,YTN,40300,-320
2023,CMG제약,58820,-64
2024,JYP Ent.,35900,-17300
2025,KCC건설,21320,1560
2026,세동,53060,-66
2027,프로텍,53610,18950
2028,액토즈소프트,52790,-910
2029,세코닉스,53450,-240
2030,바이넥스,53030,-4370
2031,오성첨단소재,52420,-56
2032,코웨이,21240,-10000
2033,태양,53620,640
2034,오션인더블유,52300,-427
2035,유아이엘,49520,975
2036,대원미디어,48910,-680
2037,중앙첨단소재,51980,-1032
2038,세아홀딩스,58650,13600
2039,CJ프레시웨이,51500,1100
2040,파인디앤씨,49120,9
2041,디지아이,43360,235
2042,코텍,52330,1510
2043,한네트,52600,5
2044,에스티큐브,52020,6760
2045,티에스넥스젠,43220,0
2046,큐로홀딩스,51780,-477
2047,피노,33790,5610
2048,나라엠앤디,51490,-315
2049,에코바이오,38870,-80
2050,에이텍,45660,-650
2051,대아티아이,45390,180
2052,캠시스,50110,-227
2053,현대바이오랜드,52260,-165
2054,SFA반도체,36540,2030
2055,LG생활건강,51900,-21000
2056,LG화학,51910,33500
2057,대우건설,47040,20560
2058,포스코인터내셔널,47050,26900
2059,한화오션,42660,8700
2060,삼표시멘트,38500,11800
2061,진양화학,51630,-555
2062,HLB이노베이션,24850,2580
2063,SM C&C,48550,-208
2064,승일,49830,-1000
2065,TPC,48770,-110
2066,코메론,49430,8850
2067,빌리언스,44480,92
2068,삼화네트웍스,46390,-314
2069,성광벤드,14620,14500
2070,유라테크,48430,-340
2071,삼현철강,17480,375
2072,오픈베이스,49480,-120
2073,라온시큐어,42510,-660
2074,삼양케이씨아이,36670,-160
2075,오로라,39830,-4650
2076,금화피에스시,36190,6550
2077,코다코,46070,0
2078,인바디,41830,-2950
2079,고려제약,14570,-295
2080,크린앤사이언스,45520,-160
2081,KD,44180,-410
2082,이글벳,44960,-360
2083,아즈텍WB,32080,16
2084,두산에너빌리티,34020,25000
2085,오리콤,10470,-20
2086,위닉스,44340,-520
2087,상지건설,42940,-1060
2088,한국내화,10040,-105
2089,엔피케이,48830,162
2090,삼천당제약,250,260500
2091,에이치케이,44780,130
2092,정원엔시스,45510,128
2093,한양이엔지,45100,8950
2094,누리플렉스,40160,7080
2095,에쎈테크,43340,141
2096,국순당,43650,35
2097,엘컴텍,37950,-76
2098,이오테크닉스,39030,159000
2099,상상인,38540,453
2100,서울제약,18680,-295
2101,HLB파나진,46210,698
2102,나노엔텍,39860,-1060
2103,오공,45060,-45
2104,알파AI,43100,-1175
2105,비츠로테크,42370,2780
2106,코아시아,45970,-1155
2107,정상제이엘에스,40420,-40
2108,진양제약,7370,-450
2109,KT지니뮤직,43610,-226
2110,진성티이씨,36890,4570
2111,현대에이치티,39010,180
2112,삼아제약,9300,450
2113,파루,43200,187
2114,에스씨디,42110,243
2115,한국정보공학,39740,1000
2116,디오,39840,-540
2117,네오위즈홀딩스,42420,-2500
2118,다산네트웍스,39560,2450
2119,바이오스마트,38460,375
2120,우리기술,32820,17265
2121,안국약품,1540,-410
2122,세중,39310,359
2123,우리기술투자,41190,-1050
2124,케이바이오,38530,75
2125,HRS,36640,-10
2126,에스에이엠티,31330,2400
2127,위즈코프,38620,-96
2128,이건홀딩스,39020,-830
2129,파인디지털,38950,140
2130,나이스정보통신,36800,-650
2131,SG&G,40610,260
2132,아이에이,38880,-25
2133,에스넷,38680,530
2134,에스엠,41510,-46800
2135,아이티센엔텍,10280,155
2136,쎄니트,37760,501
2137,대성미생물,36480,140
2138,에코플라스틱,38110,655
2139,케이엠더블유,32500,11090
2140,화성밸브,39610,1880
2141,경남스틸,39240,60
2142,마크로젠,38290,-1040
2143,희림,37440,1750
2144,레드캡투어,38390,-750
2145,솔브레인홀딩스,36830,15850
2146,에프에스티,36810,7750
2147,코맥스,36690,0
2148,EG,37370,-280
2149,감성코퍼레이션,36620,-400
2150,성도이엔지,37350,4360
2151,제일테크노스,38010,890
2152,한세예스24홀딩스,16450,250
2153,무림SP,1810,103
2154,세종텔레콤,36630,1070
2155,심텍홀딩스,36710,175
2156,파세코,37070,590
2157,KZ정밀,36560,300
2158,SGC E&C,16250,3350
2159,서희건설,35890,0
2160,주성엔지니어링,36930,32950
2161,케이티알파,36030,-440
2162,대성홀딩스,16710,70
2163,다우데이타,32190,5100
2164,동진쎄미켐,5290,9850
2165,선광,3100,1810
2166,에이치엠넥스,36170,4300
2167,제이에스티나,26040,-215
2168,한국팩키지,37230,441
2169,삼지전자,37460,14410
2170,우리엔터프라이즈,37400,-12
2171,대원제약,3220,-1700
2172,한국가스공사,36460,-1800
2173,네패스,33640,8770
2174,인지디스플레,37330,11
2175,위지트,36090,104
2176,유니셈,36200,-980
2177,유성티엔에스,24800,1605
2178,코리아나,27050,-653
2179,골드앤에스,35290,29
2180,서울평가정보,36120,-63
2181,서울전자통신,27040,256
2182,대성창투,27830,-94
2183,예림당,36000,-20
2184,미래아이앤지,7120,906
2185,CJ ENM,35760,-13300
2186,이지홀딩스,35810,1335
2187,기산텔레콤,35460,2708
2188,화천기공,850,-1000
2189,팜스코,36580,1035
2190,케이티앤지,33780,23900
2191,HD한국조선해양,9540,500
2192,디씨엠,24090,350
2193,바른손이앤에이,35620,-130
2194,솔본,35610,-120
2195,시공테크,20710,520
2196,신일제약,12790,-60
2197,조아제약,34940,-114
2198,AK홀딩스,6840,-130
2199,HS애드,35000,-160
2200,대한유화,6650,18500
2201,백산,35150,-220
2202,체시스,33250,-14
2203,인성정보,33230,-139
2204,그래디언트,35080,-280
2205,동국산업,5160,665
2206,매일홀딩스,5990,150
2207,해성산업,34810,-650
2208,자화전자,33240,8800
2209,케이티,30200,10800
2210,엑시큐어하이트론,19490,0
2211,제일기획,30000,-1410
2212,한국정보통신,25770,400
2213,파라텍,33540,51
2214,동성화인텍,33500,1500
2215,스틱인베스트먼트,26890,-40
2216,케이씨,29460,5000
2217,드래곤플라이,30350,0
2218,엠케이전자,33160,12120
2219,엠투엔,33310,2
2220,제이씨현시스템,33320,745
2221,포스코엠텍,9520,2760
2222,스페코,13810,615
2223,좋은사람들,33340,-25
2224,대원화성,24890,-2
2225,로젠,33290,-90
2226,모아텍,33200,1140
2227,코콤,15710,400
2228,E1,17940,14400
2229,SK가스,18670,25500
2230,다우기술,23590,7600
2231,영보화학,14440,-70
2232,제룡전기,33100,11650
2233,제이엠아이,33050,118
2234,디지틀조선,33130,714
2235,바이온,32980,0
2236,와이지-원,19210,7910
2237,특수건설,26150,490
2238,아이즈비전,31310,753
2239,SKC,11790,-713
2240,동일기연,32960,-10
2241,소프트센,32680,-70
2242,원익,32940,-4670
2243,원풍물산,8290,-80
2244,한국주강,25890,168
2245,삼진,32750,-345
2246,더라미,32860,-18
2247,비트컴퓨터,32850,710
2248,엠젠솔루션,32790,-168
2249,판타지오,32800,-153
2250,디와이덕양,24900,-20
2251,에쓰씨엔지니어링,23960,78
2252,인지컨트롤스,23800,960
2253,유비케어,32620,230
2254,피델릭스,32580,-29
2255,TJ미디어,32540,269
2256,휴맥스홀딩스,28080,-140
2257,삼일,32280,15
2258,경동인베스트,12320,5100
2259,뉴인텍,12340,-213
2260,아이티센씨티에스,31820,152
2261,에스제이엠홀딩스,25530,-70
2262,오스템,31510,-40
2263,디에이치엑스컴퍼니,31860,20
2264,피에스케이홀딩스,31980,55800
2265,SK하이닉스,660,350000
2266,INVENI,15360,3100
2267,MH에탄올,23150,-260
2268,동남합성,23450,-4000
2269,삼성E&A,28050,27950
2270,신도리코,29530,3300
2271,온타이드,5320,60
2272,퍼시스,16800,-6600
2273,세보엠이씨,11560,6560
2274,한일단조,24740,1230
2275,WISCOM,24070,149
2276,동원수산,30720,120
2277,미래산업,25560,-680
2278,다올투자증권,30210,750
2279,양지사,30960,-1050
2280,HDC,12630,10050
2281,광전자,17900,8725
2282,한국단자공업,25540,9300
2283,원익홀딩스,30530,-19650
2284,한글과컴퓨터,30520,-3400
2285,메이슨캐피탈,21880,-45
2286,광무,29480,-250
2287,대호특수강,21040,-132
2288,디아이,3160,7350
2289,신성이엔지,11930,2164
2290,티에이치엔,19180,-710
2291,한온시스템,18880,980
2292,HLB,28300,3900
2293,팜스토리,27710,274
2294,블루산업개발,6740,-249
2295,세원정공,21820,3120
2296,유니온,910,100
2297,키다리스튜디오,20120,5
2298,한국제지,27970,-3
2299,한섬,20000,7600
2300,현대엘리베이터,17800,7000
2301,환인제약,16580,-490
2302,삼보판지,23600,560
2303,삼목에스폼,18310,-540
2304,에이스침대,3800,3550
2305,원익큐브,14190,-335
2306,계룡건설산업,13580,7100
2307,서원,21050,160
2308,에스원,12750,18500
2309,태경산업,15890,95
2310,리드코프,12700,50
2311,유니슨,18000,224
2312,아난티,25980,-940
2313,광진실업,26910,-1065
2314,인터엠,17250,84
2315,신대양제지,16590,-50
2316,와이투솔루션,11690,1425
2317,남해화학,25860,1220
2318,동원금속,18500,247
2319,성안머티리얼스,11300,0
2320,성우하이텍,15750,1740
2321,대신정보통신,20180,35
2322,서부T&D,6730,980
2323,HMM,11200,1450
2324,경인양행,12610,-930
2325,풀무원,17810,-680
2326,서울도시가스,17390,1000
2327,이구산업,25820,-400
2328,동신건설,25950,-2380
2329,동화기업,25900,2380
2330,에넥스,11090,-131
2331,에이프로젠,7460,-393
2332,차AI헬스케어,25620,-1400
2333,한국카본,17960,18800
2334,신라에스지,25870,-865
2335,케이씨피드,25880,340
2336,한탑,2680,42
2337,한국선재,25550,-50
2338,DH오토웨어,25440,18
2339,시노펙스,25320,-60
2340,PN풍년,24940,-1715
2341,삼천리자전거,24950,-10
2342,메디앙스,14100,-101
2343,KBI메탈,24840,691
2344,경창산업,24910,495
2345,대륙제관,4780,205
2346,동원개발,13120,205
2347,세원물산,24830,590
2348,케이피에프,24880,20
2349,KPX케미칼,25000,5000
2350,TP,7980,-61
2351,에스엠벡셀,10580,-520
2352,KB오토시스,24120,120
2353,신원종합개발,17000,-80
2354,흥구석유,24060,7630
2355,대한약품,23910,-150
2356,이화공영,1840,0
2357,풍국주정,23900,1260
2358,대림제지,17650,630
2359,대한광통신,10170,15087
2360,동일스틸럭스,23790,-289
2361,플레이위드,23770,120
2362,한국캐피탈,23760,167
2363,한일사료,5860,980
2364,KC그린홀딩스,9440,0
2365,문배철강,8420,340
2366,웅진,16880,405
2367,모베이스전자,12860,2215
2368,국영지앤엠,6050,107
2369,유진기업,23410,480
2370,제이스코홀딩스,23440,-195
2371,보성파워텍,6910,4340
2372,브이티,18290,-2800
2373,태광,23160,25700
2374,HL D&I,14790,915
2375,오뚜기,7310,-16000
2376,일정실업,8500,-170
2377,와이엠,7530,-50
2378,엘에스일렉트릭,10120,295500
2379,신라섬유,1000,-137
2380,원일특강,12620,1240
2381,서한,11370,137
2382,대양금속,9190,80
2383,이화산업,760,820
2384,동원시스템즈,14820,900
2385,바른손,18700,-354
2386,부방,14470,-69
2387,삼성중공업,10140,4400
2388,모토닉,9680,600
2389,화신,10690,2920
2390,소노스퀘어,7720,-247
2391,THE CUBE&,13720,222
2392,유니크,11320,-85
2393,진로발효,18120,140
2394,삼보산업,9620,-732
2395,푸드웰,5670,-290
2396,푸른저축은행,7330,1350
2397,피제이전자,6140,1310
2398,베뉴지,19010,2395
2399,엠에스씨,9780,-1040
2400,삼화페인트공업,390,1450
2401,경동나비엔,9450,8300
2402,대동금속,20400,4158
2403,대원산업,5710,-970
2404,큐캐피탈,16600,53
2405,한국가구,4590,325
2406,디모아,16670,-245
2407,중앙에너비스,440,5880
2408,DB,12030,158
2409,SGC에너지,5090,35500
2410,삼륭물산,14970,220
2411,대림바스,5750,1195
2412,경동제약,11040,-270
2413,원풍,8370,150
2414,네이처셀,7390,-3330
2415,삼일기업공사,2290,205
2416,일지테크,19540,2670
2417,한일화학,7770,-170
2418,한국알콜,17890,1430
2419,대주산업,3310,535
2420,글로본,19660,-85
2421,대한해운,5880,1343
2422,세명전기,17510,-10
2423,휴니드테크놀러지스,5870,1010
2424,수산세보틱스,17550,1350
2425,에이티넘인베스트,21080,220
2426,롯데케미칼,11170,24800
2427,대동기어,8830,4810
2428,세아베스틸지주,1430,7200
2429,호텔신라,8770,4550
2430,태경비케이,14580,-60
2431,화승코퍼레이션,13520,730
2432,신흥,4080,20
2433,화승인더스트리,6060,-90
2434,극동유화,14530,695
2435,고려산업,2140,280
2436,피에스텍,2230,-1340
2437,대현,16090,54
2438,케이비아이동국실업,1620,166
2439,광명전기,17040,-314
2440,부산산업,11390,-3400
2441,STX,11810,0
2442,고려아연,10130,294000
2443,이렘,9730,-160
2444,팜젠사이언스,4720,-645
2445,무림페이퍼,9200,81
2446,현대차증권,1500,2850
2447,금비,8870,-6500
2448,원림,5820,460
2449,서흥,8490,-3640
2450,성문전자,14910,11
2451,HLB글로벌,3580,-315
2452,일진홀딩스,15860,590
2453,대영포장,14160,138
2454,영화금속,12280,121
2455,신풍제약,19170,-3400
2456,동성제약,2210,0
2457,카스,16920,0
2458,아센디오,12170,-397
2459,한올바이오파마,9420,4950
2460,하이록코리아,13030,13650
2461,유니켐,11330,-600
2462,대창,12800,224
2463,일성건설,13360,-115
2464,까뮤이앤씨,13700,159
2465,보락,2760,87
2466,선도전기,7610,0
2467,씨아이테크,4920,-45
2468,광동제약,9290,2610
2469,갤럭시아에스엠,11420,-102
2470,남성,4270,-125
2471,KISCO홀딩스,1940,1500
2472,태영건설,9410,328
2473,한국특강,7280,67
2474,한솔로지스틱스,9180,485
2475,삼양통상,2170,3800
2476,SK텔레콤,17670,39700
2477,진양폴리우레탄,10640,-652
2478,미창석유공업,3650,-8900
2479,삼익THK,4380,-1380
2480,미원상사,2840,-14900
2481,서연,7860,-330
2482,SBI인베스트먼트,19550,-128
2483,세우글로벌,13000,38
2484,현대모비스,12330,33500
2485,KG케미칼,1390,520
2486,아진전자부품,9320,83
2487,현대해상,1450,-100
2488,현대지에프홀딩스,5440,5510
2489,한국전력공사,15760,-3100
2490,국도화학,7690,6550
2491,녹십자,6280,-15100
2492,SIMPAC,9160,370
2493,윌비스,8600,-710
2494,대창단조,15230,790
2495,사조산업,7160,-2100
2496,한익스프레스,14130,-315
2497,사조동아원,8040,-76
2498,경인전자,9140,2250
2499,무림P&P,9580,235
2500,인디에프,14990,-113
2501,디와이,13570,405
2502,방림,3610,-460
2503,DKME,15590,0
2504,한솔케미칼,14680,37000
2505,퍼스텍,10820,7390
2506,플루토스,19570,64
2507,동원산업,6040,-3000
2508,대덕,8060,3520
2509,한성기업,3680,-470
2510,모헨즈,6920,1850
2511,이스타코,15020,-136
2512,태림포장,11280,75
2513,아세아제지,2310,1600
2514,화천기계,10660,775
2515,CJ씨푸드,11150,-155
2516,SHD,1770,-1680
2517,조일알미늄,18470,213
2518,에스엘,5850,14900
2519,영원무역홀딩스,9970,32900
2520,더존비즈온,12510,29300
2521,보령,3850,410
2522,이건산업,8250,-665
2523,모나리자,12690,85
2524,대구백화점,6370,80
2525,우성,6980,6870
2526,유성기업,2920,-419
2527,한일철강,2220,-820
2528,삼익악기,2450,-6
2529,HS화성,2460,1080
2530,DN오토모티브,7340,11750
2531,보해양조,890,1
2532,상상인증권,1290,448
2533,혜인,3010,700
2534,금강공업,14280,-340
2535,플레이그램,9810,-211
2536,율촌화학,8730,1100
2537,신원,9270,-131
2538,동방,4140,345
2539,한국쉘석유,2960,63500
2540,부광약품,3000,3710
2541,풍산홀딩스,5810,8900
2542,부국증권,1270,21300
2543,계양전기,12200,-1530
2544,한솔테크닉스,4710,-860
2545,DB증권,16610,2280
2546,한미사이언스,8930,2400
2547,삼진제약,5500,-890
2548,POSCO홀딩스,5490,71500
2549,범양건영,2410,0
2550,파미셀,5690,2320
2551,동국홀딩스,1230,3560
2552,대원전선,6340,1635
2553,이수화학,5950,-90
2554,삼성증권,16360,30900
2555,삼영무역,2810,3170
2556,한양증권,1750,6200
2557,금호석유화학,11780,14500
2558,유안타증권,3470,1215
2559,제일파마홀딩스,2620,0
2560,에이엔피,15260,182
2561,한창제지,9460,8
2562,넥센,5720,680
2563,삼성공조,6660,-2650
2564,세방전지,4490,-1900
2565,진원생명과학,11000,-1263
2566,참엔지니어링,9310,-53
2567,한국무브넥스,10100,-250
2568,코스모신소재,5070,13350
2569,덕성,4830,-305
2570,신영증권,1720,70700
2571,유진증권,1200,1430
2572,유화증권,3460,720
2573,한신기계공업,11700,1275
2574,코스모화학,5420,1800
2575,가온전선,500,22400
2576,S-Oil,10950,40400
2577,한화에어로스페이스,12450,561000
2578,삼화전자공업,11230,-285
2579,현대제철,4020,9800
2580,써니전자,4770,214
2581,현대비앤지스틸,4560,4490
2582,사조오양,6090,-770
2583,한화투자증권,3530,2390
2584,삼화전기,9470,9200
2585,SK증권,1510,1219
2586,평화홀딩스,10770,50
2587,일신석재,7110,-113
2588,KG스틸,16380,390
2589,아이에스동서,10780,5250
2590,SH에너지화학,2360,50
2591,대한화섬,3830,6900
2592,코리아써키트,7810,32350
2593,신세계,4170,110000
2594,OCI홀딩스,10060,90800
2595,삼일제약,520,-260
2596,인스코비,6490,-44
2597,일성아이에스,3120,1500
2598,현대건설,720,110500
2599,TCC스틸,2710,2890
2600,에이프로젠바이오로직스,3060,-286
2601,F&F 홀딩스,7700,290
2602,아남전자,8700,152
2603,GS건설,6360,18830
2604,삼아알미늄,6110,32250
2605,한국전자홀딩스,6200,154
2606,삼성SDI,6400,218500
2607,삼성전기,9150,295000
2608,동부건설,5960,3690
2609,케이씨티시,9070,80
2610,코오롱글로벌,3070,2850
2611,빙그레,5180,1000
2612,녹십자홀딩스,5250,-2130
2613,시알홀딩스,480,225
2614,현대약품,4310,-420
2615,남양유업,3920,2000
2616,남선알미늄,8350,885
2617,한국화장품제조,3350,-3600
2618,현대코퍼레이션,11760,5450
2619,LS,6260,85000
2620,SK네트웍스,1740,920
2621,경농,2100,530
2622,티웨이홀딩스,4870,-186
2623,동방아그로,7590,-40
2624,송원산업,4430,590
2625,진흥기업,2780,266
2626,한국석유공업,4090,2010
2627,천일고속,650,-112000
2628,대원강업,430,335
2629,만호제강,1080,795
2630,조광피혁,4700,3200
2631,세방,4360,1160
2632,KBI동양철관,8970,273
2633,대유에이텍,2880,-197
2634,남광토건,1260,2310
2635,삼영전자공업,5680,4120
2636,신영와코루,5800,-1230
2637,오리엔트바이오,2630,-64
2638,조비,1550,3260
2639,한국공항,5430,-5600
2640,조광페인트,4910,-35
2641,SB성보,3080,-120
2642,삼천리,4690,7500
2643,조흥,2600,-16700
2644,금양,1570,0
2645,사조대림,3960,-4450
2646,비비안,2070,-271
2647,SNT다이내믹스,3570,11400
2648,한신공영,4960,6510
2649,농심,4370,-52000
2650,삼영,3720,1330
2651,성신양회,4980,380
2652,신라교역,4970,470
2653,신풍,2870,8
2654,종근당홀딩스,1630,2250
2655,크라운해태홀딩스,5740,40
2656,한독,2390,-840
2657,SG글로벌,1380,-537
2658,SK디스커버리,6120,-1400
2659,샘표,7540,5050
2660,흥아해운,3280,1695
2661,GS글로벌,1250,1260
2662,금호건설,2990,1135
2663,삼부토건,1470,0
2664,삼화콘덴서공업,1820,32950
2665,페이퍼코리아,1020,14
2666,동양,1520,-76
2667,한화,880,44400
2668,JW중외제약,1060,6400
2669,영풍,670,14500
2670,PKC,1340,1110
2671,성창기업지주,180,-45
2672,한창,5110,0
2673,삼화왕관,4450,-1550
2674,KR모터스,40,-13
2675,고려제강,2240,1850
2676,태양금속공업,4100,1030
2677,SUN&L,2820,-235
2678,DRB동일,4840,285
2679,넥센타이어,2350,50
2680,SG세계물산,4060,151
2681,롯데정밀화학,4000,8250
2682,동화약품,20,-330
2683,DL,210,29100
2684,LX인터내셔널,1120,15400
2685,국제약품,2720,510
2686,태광산업,3240,423000
2687,부산주공,5030,0
2688,CS홀딩스,590,1100
2689,DB하이텍,990,21100
2690,대림통상,6570,-220
2691,유유제약,220,-375
2692,강남제비스코,860,130
2693,대신증권,3540,10550
2694,NH투자증권,5940,12750
2695,미래에셋증권,6800,41957
2696,신일전자,2700,72
2697,삼성제약,1360,257
2698,삼성화재해상보험,810,-27500
2699,삼양식품,3230,-38000
2700,한화손해보험,370,1090
2701,NI스틸,8260,325
2702,일동홀딩스,230,-3350
2703,대동,490,550
2704,오리온홀딩스,1800,3690
2705,깨끗한나라,4540,179
2706,태원물산,1420,-525
2707,코오롱,2020,17050
2708,삼성전자,5930,77500
2709,DH오토넥스,300,0
2710,BYC,1460,6250
2711,KG모빌리티,3620,315
2712,SPC삼립,5610,-1500
2713,흥국화재,540,770
2714,일양약품,7570,-2760
2715,한진,2320,-390
2716,한국수출포장공업,2200,-305
2717,현대자동차,5380,191000
2718,모나미,5360,-285
2719,한화솔루션,9830,14200
2720,아세아,2030,-48500
2721,카프로,6380,0
2722,롯데지주,4990,2700
2723,대한방직,1070,440
2724,서울식품공업,4410,20
2725,LS네트웍스,680,-280
2726,금호전기,1210,330
2727,하이트진로홀딩스,140,-510
2728,노루홀딩스,320,1100
2729,기아,270,28400
2730,효성,4800,36800
2731,CJ,1040,31700
2732,두산,150,518000
2733,휴스틸,5010,1565
2734,DB손해보험,5830,41500
2735,TYM,2900,810
2736,대웅,3090,1000
2737,진양산업,3780,-870
2738,영진약품,3520,-270
2739,케이씨씨,2380,133000
2740,롯데칠성음료,5300,-15800
2741,일신방직,3200,10
2742,아모레퍼시픽홀딩스,2790,-1250
2743,제주은행,6220,1620
2744,한솔홀딩스,4150,330
2745,벽산,7210,329
2746,롯데손해보험,400,446
2747,대한제분,1130,2700
2748,대상,1680,250
2749,LG,3550,12000
2750,동아쏘시오홀딩스,640,-9600
2751,코리안리,3690,410
2752,한국주철관공업,970,20
2753,한일홀딩스,3300,1280
2754,엔피씨,4250,155
2755,세아제강지주,3030,105200
2756,대한전선,1440,7900
2757,대한제당,1790,220
2758,삼양홀딩스,70,11200
2759,세기상사,2420,-310
2760,한국앤컴퍼니,240,-150
2761,전방,950,-2150
2762,대한항공,3490,2500
2763,디아이동일,1530,6350
2764,유한양행,100,-19900
2765,CJ대한통운,120,11800
2766,경방,50,80
2767,유수홀딩스,700,850
2768,한진중공업홀딩스,3480,210
